sku,barcode
101-L,8718295089465
101-M,8718295089458
101-S,8718295089441
101-XS,8718295089434
102-L,8718295089502
102-M,8718295089496
102-S,8718295089489
102-XS,8718295089472
103-L,8718295089540
103-M,8718295089533
103-S,8718295089526
103-XS,8718295089519
104-L,8718295089588
104-M,8718295089571
104-S,8718295089564
104-XS,8718295089557
105-L,8718295089304
105-M,8718295089298
105-S,8718295089281
105-XS,8718295089274
106-L,8718295089342
106-M,8718295089335
106-S,8718295089328
106-XS,8718295089311
107-L,8718295089380
107-M,8718295089373
107-S,8718295089366
107-XS,8718295089359
108-L,8718295089427
108-M,8718295089410
108-S,8718295089403
108-XS,8718295089397
109-L,8718295089144
109-M,8718295089137
109-S,8718295089120
109-XS,8718295089113
111-L,8718295089458
111-M,8718295089441
111-S,8718295089434
111-XL,8718295089465
112-L,8718295089496
112-M,8718295089489
112-S,8718295089472
112-XL,8718295089502
113-L,8718295089533
113-M,8718295089526
113-S,8718295089519
113-Xl,8718295089540
114-L,8718295089571
114-M,8718295089564
114-S,8718295089557
114-XL,8718295089588
115-L,8718295089298
115-M,8718295089281
115-S,8718295089274
115-Xl,8718295089304
116-L,8718295089335
116-M,8718295089328
116-S,8718295089311
116-XL,8718295089342
117-L,8718295089373
117-M,8718295089366
117-S,8718295089359
117-XL,8718295089380
118-L,8718295089410
118-M,8718295089403
118-S,8718295089397
118-XL,8718295089427
119-L,8718295089137
119-M,8718295089120
119-S,8718295089113
119-XL,8718295089144
121-GreyMelange-L,8718295089458
121-GreyMelange-M,8718295089441
121-GreyMelange-S,8718295089434
121-GreyMelange-XL,8718295089465
121-NightMelange-L,8718295089496
121-NightMelange-M,8718295089489
121-NightMelange-S,8718295089472
121-NightMelange-XL,8718295089502
122-GreyMelange-L,8718295089571
122-GreyMelange-M,8718295089564
122-GreyMelange-S,8718295089557
122-GreyMelange-XL,8718295089588
122-White-L,8718295089533
122-White-M,8718295089526
122-White-S,8718295089519
122-White-XL,8718295089540
123-NightMelange-L,8718295089335
123-NightMelange-M,8718295089328
123-NightMelange-S,8718295089311
123-NightMelange-XL,8718295089342
123-White-L,8718295089298
123-White-M,8718295089281
123-White-S,8718295089274
123-White-XL,8718295089304
124-GreyMelange-L,8718295089410
124-GreyMelange-M,8718295089403
124-GreyMelange-S,8718295089397
124-GreyMelange-XL,8718295089427
124-NightMelange-S,8718295089434
124-White-L,8718295089373
124-White-M,8718295089366
124-White-S,8718295089359
124-White-XL,8718295089380
125-GreyMelange-L,8718295089137
125-GreyMelange-M,8718295089120
125-GreyMelange-S,8718295089113
125-GreyMelange-XL,8718295089144
125-NightMelange-L,8718295089458
125-NightMelange-M,8718295089441
125-NightMelange-XL,8718295089465
126-GreyMelange-L,8718295089496
126-GreyMelange-M,8718295089489
126-GreyMelange-S,8718295089472
126-GreyMelange-XL,8718295089502
126-NightMelange-L,8718295089533
126-NightMelange-M,8718295089526
126-NightMelange-S,8718295089519
126-NightMelange-XL,8718295089540
127-GreyMelange-L,8718295089298
127-GreyMelange-M,8718295089281
127-GreyMelange-S,8718295089274
127-GreyMelange-XL,8718295089304
127-White-L,8718295089571
127-White-M,8718295089564
127-White-S,8718295089557
127-White-XL,8718295089588
128-NightMelange-L,8718295089373
128-NightMelange-M,8718295089366
128-NightMelange-S,8718295089359
128-NightMelange-XL,8718295089380
128-White_S,8718295089311
128-White-L,8718295089335
128-White-M,8718295089328
128-White-XL,8718295089342
129-NightMelange-L,8718295089137
129-NightMelange-M,8718295089120
129-NightMelange-S,8718295089113
129-NightMelange-XL,8718295089144
129-White-L,8718295089410
129-White-M,8718295089403
129-White-S,8718295089397
129-White-XL,8718295089427
131-L,8718295083131
131-M,8718295082131
131-S,8718295081131
131-XL,8718295084131
132-L,8718295083132
132-M,8718295082132
132-S,8718295081132
132-XL,8718295084132
133-L,8718295083133
133-M,8718295082133
133-S,8718295081133
133-XL,8718295084133
134-L,8718295083134
134-M,8718295082134
134-S,8718295081134
135-L,8718295083135
135-M,8718295082135
135-S,8718295081135
135-XL,8718295084134
135-XL,8718295084135
136-L,8718295083136
136-M,8718295082136
136-S,8718295081136
136-XL,8718295084136
137-L,8718295083137
137-M,8718295082137
137-S,8718295081137
137-XL,8718295084137
138-L,8718295083138
138-M,8718295082138
138-S,8718295081138
138-XL,8718295084138
139-L,8718295083139
139-M,8718295082139
139-S,8718295081139
139-XL,8718295084139
140-L,8718295083140
140-M,8718295082140
140-S,8718295081140
140-XL,8718295084140
141-L,8718295083141
141-M,8718295082141
141-S,8718295081141
141-XL,8718295084141
142-L,8718295083142
142-M,8718295082142
142-S,8718295081142
142-XL,8718295084142
143-L,8718295083143
143-M,8718295082143
143-S,8718295081143
143-XL,8718295084143
144-L,8718295083144
144-M,8718295082144
144-S,8718295081144
144-Xl,8718295084144
145-L,8718295083145
145-M,8718295082145
145-S,8718295081145
145-XL,8718295084145
146-L,8718295083146
146-M,8718295082146
146-S,8718295081146
146-XL,8718295084146
147-L,8718295083147
147-M,8718295082147
147-S,8718295081147
147-XL,8718295084147
148-L,8718295083148
148-M,8718295082148
148-S,8718295081148
148-XL,8718295084148
149-L,8718295083149
149-M,8718295082149
149-S,8718295081149
149-XL,8718295084149
150-L,8718295083150
150-M,8718295082150
150-S,8718295081150
150-XL,8718295084150
151-L,8718295083151
151-M,8718295082151
151-S,8718295081151
151-Xl,8718295084151
152-L,8718295083152
152-M,8718295082152
152-S,8718295081152
152-XL,8718295084152
153-L,8718295083153
153-M,8718295082153
153-S,8718295081153
153-XL,8718295084153
154-L,8718295083154
154-M,8718295082154
154-S,8718295081154
154-XL,8718295084154
155-L,8718295083155
155-M,8718295082155
155-S,8718295081155
155-XL,8718295084155
156-L,8718295083156
156-M,8718295082156
156-S,8718295081156
156-XL,8718295084156
157-L,8718295083157
157-M,8718295082157
157-S,8718295081157
157-XL,8718295084157
158L,8718295083158
158-M,8718295082158
158-S,8718295081158
158-XL,8718295084158
159-L,8718295083159
159-M,8718295082159
159-S,8718295081159
159-XL,8718295084159
160-L,8718295083160
160-M,8718295082160
160-S,8718295081160
160-XL,8718295084160
161-L,8718295083161
161-M,8718295082161
161-S,8718295081161
161-XL,8718295084161
162-L,8718295083162
162-M,8718295082162
162-S,8718295081162
162-XL,8718295084162
163-L,8718295083163
163-M,8718295082163
163-S,8718295081163
163-XL,8718295084163
164-L,8718295083164
164-M,8718295082164
164-S,8718295081164
164-XL,8718295084164
165-L,8718295083165
165-M,8718295082165
165-S,8718295081165
165-XL,8718295084165
166-L,8718295083166
166-M,8718295082166
166-S,8718295081166
166-XL,8718295084166
167-L,8718295083167
167-M,8718295082167
167-S,8718295081167
167-XL,8718295084167
168-L,8718295083168
168-M,8718295082168
168-S,8718295081168
168-XL,8718295084168
169-L,8718295083169
169-M,8718295082169
169-S,8718295081169
169-XL,8718295084169
170-L,8718295083170
170-M,8718295082170
170-S,8718295081170
170-XL,8718295084170
171-L,8718295083171
171-M,8718295082171
171-S,8718295081171
171-XL,8718295084171
172-L,8718295083172
172-M,8718295082172
172-S,8718295081172
172-XL,8718295084172
173-L,8718295083173
173-M,8718295082173
173-S,8718295081173
173-XL,8718295084173
174-L,8718295083174
174-M,8718295082174
174-S,8718295081174
174-XL,8718295084174
175-L,8718295083175
175-M,8718295082175
175-S,8718295081175
175-XL,8718295084175
176-L,8718295083176
176-M,8718295082176
176-S,8718295081176
176-XL,8718295084176
177-L,8718295083177
177-M,8718295082177
177-S,8718295081177
177-XL,8718295084177
178-L,8718295083178
178-M,8718295082178
178-S,8718295081178
178-XL,8718295084178
179-L,8718295083179
179-M,8718295082179
179-S,8718295081179
179-XL,8718295084179
180-L,8718295083180
180-M,8718295082180
180-S,8718295081180
180-XL,8718295084180
181-L,8718295083181
181-M,8718295082181
181-S,8718295081181
181-XL,8718295084181
182-L,8718295083182
182-M,8718295082182
182-S,8718295081182
182-XL,8718295084182
J10-184-L,8718295103184
J10-184-M,8718295102184
J10-184-S,8718295101184
J10-184-XL,8718295104184
J10-185-L,8718295094185
J10-185-M,8718295093185
J10-185-S,8718295092185
J10-185-XL,8718295095185
J10-185-XS,8718295091185
J10-186-L,8718295094186
J10-186-M,8718295093186
J10-186-S,8718295092186
J10-186-XL,8718295095186
J10-186-XS,8718295091186
J10-187-L,8718295094187
J10-187-M,8718295093187
J10-187-S,8718295092187
J10-187-XL,8718295095187
J10-187-XS,8718295091187
J10-188-L,8718295094188
J10-188-M,8718295093188
J10-188-S,8718295092188
J10-188-XL,8718295095188
J10-188-XS,8718295091188
J10-189-L,8718295094189
J10-189-M,8718295093189
J10-189-S,8718295092189
J10-189-XL,8718295095189
J10-189-XS,8718295091189
J10-190-L,8718295094190
J10-190-M,8718295093190
J10-190-S,8718295092190
J10-190-XL,8718295095190
J10-190-XS,8718295091190
J10-191-L,8718295094191
J10-191-M,8718295093191
J10-191-S,8718295092191
J10-191-XL,8718295095191
J10-191-XS,8718295091191
J10-192-L,8718295094192
J10-192-M,8718295093192
J10-192-S,8718295092192
J10-192-XL,8718295095192
J10-192-XS,8718295091192
J10-193-L,8718295094193
J10-193-M,8718295093193
J10-193-S,8718295092193
J10-193-XL,8718295095193
J10-193-XS,8718295091193
J10-194-L,8718295094194
J10-194-M,8718295093194
J10-194-S,8718295092194
J10-194-XL,8718295095194
J10-194-XS,8718295091194
J10-195-L,8718295094195
J10-195-M,8718295093195
J10-195-S,8718295092195
J10-195-XL,8718295095195
J10-195-XS,8718295091195
J10-196-L,8718295094196
J10-196-M,8718295093196
J10-196-S,8718295092196
J10-196-XL,8718295095196
J10-196-XS,8718295091196
J10-197-L,8718295094197
J10-197-M,8718295093197
J10-197-S,8718295092197
J10-197-XL,8718295095197
J10-197-XS,8718295091197
J10-198-L,8718295094198
J10-198-M,8718295093198
J10-198-S,8718295092198
J10-198-XL,8718295095198
J10-198-XS,8718295091198
J10-199-L,8718295094199
J10-199-M,8718295093199
J10-199-S,8718295092199
J10-199-XL,8718295095199
J10-199-XS,8718295091199
J10-200-L,8718295094200
J10-200-M,8718295093200
J10-200-S,8718295092200
J10-200-XL,8718295095200
J10-200-XS,8718295091200
J10-201-L,8718295094201
J10-201-M,8718295093201
J10-201-S,8718295092201
J10-201-XL,8718295095201
J10-201-XS,8718295091201
J10-202-L,8718295094202
J10-202-M,8718295093202
J10-202-S,8718295092202
J10-202-XL,8718295095202
J10-202-XS,8718295091202
J10-204-L,8718295094204
J10-204-M,8718295093204
J10-204-S,8718295092204
J10-204-XL,8718295095204
J10-204-XS,8718295091204
J10-205-L,8718295094205
J10-205-M,8718295093205
J10-205-S,8718295092205
J10-205-XL,8718295095205
J10-205-XS,8718295091205
J10-208-L,8718295094208
J10-208-M,8718295093208
J10-208-S,8718295092208
J10-208-XL,8718295095208
J10-208-XS,8718295091208
J10-209-L,8718295094209
J10-209-M,8718295093209
J10-209-S,8718295092209
J10-209-XL,8718295095209
J10-209-XS,8718295091209
J10-210-L,8718295094210
J10-210-M,8718295093210
J10-210-S,8718295092210
J10-210-XL,8718295095210
J10-210-XS,8718295091210
J10-211-L,8718295094211
J10-211-M,8718295093211
J10-211-S,8718295092211
J10-211-XL,8718295095211
J10-211-XS,8718295091211
J10-212-L,8718295094212
J10-212-M,8718295093212
J10-212-S,8718295092212
J10-212-XL,8718295095212
J10-212-XS,8718295091212
J10-213-L,8718295094213
J10-213-M,8718295093213
J10-213-S,8718295092213
J10-213-XL,8718295095213
J10-213-XS,8718295091213
J10-214-L,8718295094214
J10-214-M,8718295093214
J10-214-S,8718295092214
J10-214-XL,8718295095214
J10-214-XS,8718295091214
J10-215-L,8718295094215
J10-215-M,8718295093215
J10-215-S,8718295092215
J10-215-XL,8718295095215
J10-215-XS,8718295091215
J10-216-L,8718295094216
J10-216-M,8718295093216
J10-216-S,8718295092216
J10-216-XL,8718295095216
J10-216-XS,8718295091216
J10-217-L,8718295094217
J10-217-M,8718295093217
J10-217-S,8718295092217
J10-217-XL,8718295095217
J10-217-XS,8718295091217
J10-224-L,8718295104224
J10-224-M,8718295103224
J10-224-S,8718295102224
J10-224-XL,8718295105224
J10-224-XS,8718295101224
J10-227-M,8718295093227
J10-227-S,8718295092227
J10-227-XL,8718295095227
J10-227-XS,8718295091227
J10-230-L,8718295083230
J10-230-M,8718295082230
J10-230-S,8718295081230
J10-230-XL,8718295084230
J10-231-L,8718295083231
J10-231-M,8718295082231
J10-231-S,8718295081231
J10-231-XL,8718295084231
J10-232-L,8718295083232
J10-232-M,8718295082232
J10-232-S,8718295081232
J10-232-XL,8718295084232
J10-233-L,8718295083233
J10-233-M,8718295082233
J10-233-S,8718295081233
J10-233-XL,8718295084233
J10-234-L,8718295083234
J10-234-M,8718295082234
J10-234-S,8718295081234
J10-234-XL,8718295084234
J10-235-L,8718295083235
J10-235-M,8718295082235
J10-235-S,8718295081235
J10-235-XL,8718295084235
J10-236-L,8718295083236
J10-236-M,8718295082236
J10-236-S,8718295081236
J10-236-XL,8718295084236
J10-237-L,8718295083237
J10-237-M,8718295082237
J10-237-S,8718295081237
J10-237-XL,8718295084237
J10-238-L,8718295083238
J10-238-M,8718295082238
J10-238-S,8718295081238
J10-238-XL,8718295084238
J10-239-L,8718295083239
J10-239-M,8718295082239
J10-239-S,8718295081239
J10-239-XL,8718295084239
J10-240-L,8718295083240
J10-240-M,8718295082240
J10-240-S,8718295081240
J10-240-XL,8718295084240
J10-241-L,8718295083241
J10-241-M,8718295082241
J10-241-S,8718295081241
J10-241-XL,8718295084241
J10-242-L,8718295083242
J10-242-M,8718295082242
J10-242-S,8718295081242
J10-242-XL,8718295084242
J10-243-L,8718295083243
J10-243-M,8718295082243
J10-243-S,8718295081243
J10-243-XL,8718295084243
J10-244-L,8718295083244
J10-244-M,8718295082244
J10-244-S,8718295081244
J10-244-XL,8718295084244
J10-245-L,8718295083245
J10-245-M,8718295082245
J10-245-S,8718295081245
J10-245-XL,8718295084245
J10-246-L,8718295083246
J10-246-M,8718295082246
J10-246-S,8718295081246
J10-246-XL,8718295084246
J10-247-L,8718295083247
J10-247-M,8718295082247
J10-247-S,8718295081247
J10-247-XL,8718295084247
J10-248-L,8718295083248
J10-248-M,8718295082248
J10-248-S,8718295081248
J10-248-XL,8718295084248
J10-249-L,8718295083249
J10-249-M,8718295082249
J10-249-S,8718295081249
J10-249-XL,8718295084249
J10-250-L,8718295083250
J10-250-M,8718295082250
J10-250-S,8718295081250
J10-250-XL,8718295084250
J10-251-L,8718295083251
J10-251-M,8718295082251
J10-251-S,8718295081251
J10-251-XL,8718295084251
J10-252-L,8718295083252
J10-252-M,8718295082252
J10-252-S,8718295081252
J10-252-XL,8718295084252
J10-253-L,8718295083253
J10-253-M,8718295082253
J10-253-S,8718295081253
J10-253-XL,8718295084253
J10-254-L,8718295083254
J10-254-M,8718295082254
J10-254-S,8718295081254
J10-254-XL,8718295084254
J10-255-L,8718295083255
J10-255-M,8718295082255
J10-255-S,8718295081255
J10-255-XL,8718295084255
J10-256-L,8718295083256
J10-256-M,8718295082256
J10-256-S,8718295081256
J10-256-XL,8718295084256
J10-257-L,8718295083257
J10-257-M,8718295082257
J10-257-S,8718295081257
J10-257-XL,8718295084257
J10-258-L,8718295083258
J10-258-M,8718295082258
J10-258-S,8718295081258
J10-258-XL,8718295084258
J10-259-L,8718295083259
J10-259-M,8718295082259
J10-259-S,8718295081259
J10-259-XL,8718295084259
J10-260-L,8718295083260
J10-260-M,8718295082260
J10-260-S,8718295081260
J10-260-XL,8718295084260
J10-261-L,8718295083261
J10-261-M,8718295082261
J10-261-S,8718295081261
J10-261-XL,8718295084261
J10-262-L,8718295083262
J10-262-M,8718295082262
J10-262-S,8718295081262
J10-262-XL,8718295084262
J10-263-L,8718295083263
J10-263-M,8718295082263
J10-263-S,8718295081263
J10-263-XL,8718295084263
J10-264-L,8718295083264
J10-264-M,8718295082264
J10-264-S,8718295081264
J10-264-XL,8718295084264
J10-265-L,8718295083265
J10-265-M,8718295082265
J10-265-S,8718295081265
J10-265-XL,8718295084265
J10-266-L,8718295083266
J10-266-M,8718295082266
J10-266-S,8718295081266
J10-266-XL,8718295084266
J10-267-L,8718295083267
J10-267-M,8718295082267
J10-267-S,8718295081267
J10-267-XL,8718295084267
J10-268-L,8718295083268
J10-268-M,8718295082268
J10-268-S,8718295081268
J10-268-XL,8718295084268
J10-269-L,8718295094269
J10-269-M,8718295093269
J10-269-S,8718295092269
J10-269-XL,8718295095269
J10-269-XS,8718295091269
J10-270-L,8718295094270
J10-270-M,8718295093270
J10-270-S,8718295092270
J10-270-XL,8718295095270
J10-270-XS,8718295091270
J10-271-L,8718295094271
J10-271-M,8718295093271
J10-271-S,8718295092271
J10-271-XL,8718295095271
J10-271-XS,8718295091271
J10-278-L,8718295093278
J10-278-M,8718295092278
J10-278-S,8718295091278
J10-278-XL,8718295094278
J10-279-L,8718295093279
J10-279-M,8718295092279
J10-279-S,8718295091279
J10-279-XL,8718295094279
J10-280-L,8718295093280
J10-280-M,8718295092280
J10-280-S,8718295091280
J10-280-XL,8718295094280
J10-281-L,8718295093281
J10-281-M,8718295092281
J10-281-S,8718295091281
J10-281-XL,8718295094281
J10-288-L,8718295103288
J10-288-L/XL,8718295102288
J10-288-M,8718295102288
J10-288-S,8718295101288
J10-288-S/M,8718295101288
J10-298-L,8718295094298
J10-298-M,8718295093298
J10-298-S,8718295092298
J10-298-XL,8718295095298
J10-298-XS,8718295091298
J10-300-L,8718295094300
J10-300-M,8718295093300
J10-300-S,8718295092300
J10-300-XL,8718295095300
J10-300-XS,8718295091300
J10-301-L,8718295093301
J10-301-M,8718295092301
J10-301-S,8718295091301
J10-301-XL,8718295094301
J10-302-L,8718295093302
J10-302-M,8718295092302
J10-302-S,8718295091302
J10-302-XL,8718295094302
J10-303-L,8718295104303
J10-303-M,8718295103303
J10-303-S,8718295102303
J10-303-XL,8718295105303
J10-303-XS,8718295101303
J10-304-L,8718295104304
J10-304-M,8718295103304
J10-304-S,8718295102304
J10-304-XL,8718295105304
J10-304-XS,8718295101304
J10-305-L,8718295094305
J10-305-M,8718295093305
J10-305-S,8718295092305
J10-305-XL,8718295095305
J10-305-XS,8718295091305
J10-306-L,8718295094306
J10-306-M,8718295093306
J10-306-S,8718295092306
J10-306-XL,8718295095306
J10-306-XS,8718295091306
J10-307-L,8718295094307
J10-307-M,8718295093307
J10-307-S,8718295092307
J10-307-XL,8718295095307
J10-307-XS,8718295091307
J10-309-L,8718295093309
J10-309-M,8718295092309
J10-309-S,8718295091309
J10-316-L,8718295094316
J10-316-M,8718295093316
J10-316-S,8718295092316
J10-316-XL,8718295095316
J10-316-XS,8718295091316
J10-317-L,8718295094317
J10-317-M,8718295093317
J10-317-S,8718295092317
J10-317-XL,8718295095317
J10-317-XS,8718295091317
J10-318-L,8718295094318
J10-318-M,8718295093318
J10-318-S,8718295092318
J10-318-XL,8718295095318
J10-318-XS,8718295091318
J10-319-L,8718295094319
J10-319-M,8718295093319
J10-319-S,8718295092319
J10-319-XL,8718295095319
J10-319-XS,8718295091319
J10-320-L,8718295094320
J10-320-M,8718295093320
J10-320-S,8718295092320
J10-320-XL,8718295095320
J10-320-XS,8718295091320
J10-321-L,8718295094321
J10-321-M,8718295093321
J10-321-S,8718295092321
J10-321-XL,8718295095321
J10-321-XS,8718295091321
J10-322-L,8718295094322
J10-322-M,8718295093322
J10-322-S,8718295092322
J10-322-XL,8718295095322
J10-322-XS,8718295091322
J10-323-L,8718295094323
J10-323-M,8718295093323
J10-323-S,8718295092323
J10-323-XL,8718295095323
J10-323-XS,8718295091323
J10-324-L,8718295094324
J10-324-M,8718295093324
J10-324-S,8718295092324
J10-324-XL,8718295095324
J10-324-XS,8718295091324
J10-325-L,8718295094325
J10-325-M,8718295093325
J10-325-S,8718295092325
J10-325-XL,8718295095325
J10-325-XS,8718295091325
J10-326-L,8718295092326
J10-326-M,8718295091326
J10-327-L,8718295094327
J10-327-M,8718295093327
J10-327-S,8718295092327
J10-327-XL,8718295095327
J10-327-XS,8718295091327
J10-328-L,8718295094328
J10-328-M,8718295093328
J10-328-S,8718295092328
J10-328-XL,8718295095328
J10-328-XS,8718295091328
J10-329-L,8718295094329
J10-329-M,8718295093329
J10-329-S,8718295092329
J10-329-XL,8718295095329
J10-329-XS,8718295091329
J10-330-L,8718295094330
J10-330-M,8718295093330
J10-330-S,8718295092330
J10-330-XL,8718295095330
J10-330-XS,8718295091330
J10-335-L,8718295102335
J10-335-M,8718295101335
J10-339-L,8718295104339
J10-339-M,8718295103339
J10-339-S,8718295102339
J10-339-XL,8718295105339
J10-339-XS,8718295101339
J10-340-L,8718295104340
J10-340-M,8718295103340
J10-340-S,8718295102340
J10-340-XL,8718295105340
J10-340-XS,8718295101340
J10-341-L,8718295104341
J10-341-M,8718295103341
J10-341-S,8718295102341
J10-341-XL,8718295105341
J10-341-XS,8718295101341
J10-353-L,8718295094353
J10-353-M,8718295093353
J10-353-S,8718295092353
J10-353-XL,8718295095353
J10-353-XS,8718295091353
J10-364-L,8718295093364
J10-364-M,8718295092364
J10-364-S,8718295091364
J10-366-L,8718295093366
J10-366-M,8718295092366
J10-366-S,8718295091366
J10-368-L,8718295094368
J10-368-M,8718295093368
J10-368-S,8718295092368
J10-368-XL,8718295095368
J10-368-XS,8718295091368
J10-371-L,8718295094371
J10-371-M,8718295093371
J10-371-S,8718295092371
J10-371-XL,8718295095371
J10-371-XS,8718295091371
J10-373-L,8718295094373
J10-373-M,8718295093373
J10-373-S,8718295092373
J10-373-XL,8718295095373
J10-373-XS,8718295091373
J10-374-L,8718295093374
J10-374-M,8718295092374
J10-374-S,8718295091374
J10-374-XL,8718295094374
J10-376-L,8718295093376
J10-376-M,8718295092376
J10-376-S,8718295091376
J10-376-XL,8718295094376
J10-377-L,8718295093377
J10-377-M,8718295092377
J10-377-S,8718295091377
J10-377-XL,8718295094377
J10-379,8718295101379
J10-382-L,8718295104382
J10-382-M,8718295103382
J10-382-S,8718295102382
J10-382-XL,8718295105382
J10-382-XS,8718295101382
J10-383-L,8718295104383
J10-383-M,8718295103383
J10-383-S,8718295102383
J10-383-XL,8718295105383
J10-383-XS,8718295101383
J10-386-L,8718295104386
J10-386-M,8718295103386
J10-386-S,8718295102386
J10-386-XL,8718295105386
J10-386-XS,8718295101386
J10-387-L,8718295104387
J10-387-M,8718295103387
J10-387-S,8718295102387
J10-387-XL,8718295105387
J10-387-XS,8718295101387
J10-388-L,8718295104388
J10-388-M,8718295103388
J10-388-S,8718295102388
J10-388-XL,8718295105388
J10-388-XS,8718295101388
J10-389-L,8718295104389
J10-389-M,8718295103389
J10-389-S,8718295102389
J10-389-XL,8718295105389
J10-389-XS,8718295101389
J10-390-L,8718295104390
J10-390-M,8718295103390
J10-390-S,8718295102390
J10-390-XL,8718295105390
J10-390-XS,8718295101390
J10-392,8718295101392
J10-393-L,8718295104393
J10-393-M,8718295103393
J10-393-S,8718295102393
J10-393-XL,8718295105393
J10-393-XS,8718295101393
J10-394-L,8718295104394
J10-394-M,8718295103394
J10-394-S,8718295102394
J10-394-XL,8718295105394
J10-394-XS,8718295101394
J10-395-L,8718295104395
J10-395-M,8718295103395
J10-395-S,8718295102395
J10-395-XL,8718295105395
J10-395-XS,8718295101395
J10-396-L,8718295104396
J10-396-M,8718295103396
J10-396-S,8718295102396
J10-396-XL,8718295105396
J10-396-XS,8718295101396
J10-398-L,8718295104398
J10-398-M,8718295103398
J10-398-S,8718295102398
J10-398-XL,8718295105398
J10-398-XS,8718295101398
J10-399-L,8718295104399
J10-399-M,8718295103399
J10-399-S,8718295102399
J10-399-XL,8718295105399
J10-399-XS,8718295101399
J10-400-L,8718295104400
J10-400-M,8718295103400
J10-400-S,8718295102400
J10-400-XL,8718295105400
J10-400-XS,8718295101400
J10-401-L,8718295104401
J10-401-M,8718295103401
J10-401-S,8718295102401
J10-401-XL,8718295105401
J10-401-XS,8718295101401
J10-402-L,8718295104402
J10-402-M,8718295103402
J10-402-S,8718295102402
J10-402-XL,8718295105402
J10-402-XS,8718295101402
J10-403-L,8718295104403
J10-403-M,8718295103403
J10-403-S,8718295102403
J10-403-XL,8718295105403
J10-403-XS,8718295101403
J10-404-L,8718295104404
J10-404-M,8718295103404
J10-404-S,8718295102404
J10-404-XL,8718295105404
J10-404-XS,8718295101404
J10-405-L,8718295104405
J10-405-M,8718295103405
J10-405-S,8718295102405
J10-405-XL,8718295105405
J10-405-XS,8718295101405
J10-406-L,8718295104406
J10-406-M,8718295103406
J10-406-S,8718295102406
J10-406-XL,8718295105406
J10-406-XS,8718295101406
J10-407-L,8718295104407
J10-407-M,8718295103407
J10-407-S,8718295102407
J10-407-XL,8718295105407
J10-407-XS,8718295101407
J10-408-L,8718295104408
J10-408-M,8718295103408
J10-408-S,8718295102408
J10-408-XL,8718295105408
J10-408-XS,8718295101408
J10-409-L,8718295104409
J10-409-M,8718295103409
J10-409-S,8718295102409
J10-409-XL,8718295105409
J10-409-XS,8718295101409
J10-410-L,8718295104410
J10-410-M,8718295103410
J10-410-S,8718295102410
J10-410-XL,8718295105410
J10-410-XS,8718295101410
J10-411-L,8718295104411
J10-411-M,8718295103411
J10-411-S,8718295102411
J10-411-XL,8718295105411
J10-411-XS,8718295101411
J10-412-L,8718295104412
J10-412-M,8718295103412
J10-412-S,8718295102412
J10-412-XL,8718295105412
J10-412-XS,8718295101412
J10-413-L,8718295104413
J10-413-M,8718295103413
J10-413-S,8718295102413
J10-413-XL,8718295105413
J10-413-XS,8718295101413
J10-414-L,8718295103414
J10-414-M,8718295102414
J10-414-S,8718295101414
J10-414-XL,8718295104414
J10-415-L,8718295094415
J10-415-M,8718295093415
J10-415-S,8718295092415
J10-415-XL,8718295095415
J10-415-XS,8718295091415
J10-416-L,8718295104416
J10-416-M,8718295103416
J10-416-S,8718295102416
J10-416-XL,8718295105416
J10-416-XS,8718295101416
j10-417-L,8718295104417
j10-417-M,8718295103417
j10-417-S,8718295102417
j10-417-XL,8718295105417
j10-417-XS,8718295101417
J10-418-L,8718295104418
J10-418-M,8718295103418
J10-418-S,8718295102418
J10-418-XL,8718295105418
J10-418-XS,8718295101418
J10-425-L,8718295104425
J10-425-M,8718295103425
J10-425-S,8718295102425
J10-425-XL,8718295105425
J10-425-XS,8718295101425
J10-426-L,8718295104426
J10-426-M,8718295103426
J10-426-S,8718295102426
J10-426-XL,8718295105426
J10-426-XS,8718295101426
J10-428-L,8718295104428
J10-428-M,8718295103428
J10-428-S,8718295102428
J10-428-XL,8718295105428
J10-428-XS,8718295101428
J10-429-L,8718295104429
J10-429-M,8718295103429
J10-429-S,8718295102429
J10-429-XL,8718295105429
J10-429-XS,8718295101429
J10-441-L,8718295094441
J10-441-M,8718295093441
J10-441-S,8718295092441
J10-441-XL,8718295095441
J10-441-XS,8718295091441
J10-443-L,8718295094443
J10-443-M,8718295093443
J10-443-S,8718295092443
J10-443-XL,8718295095443
J10-443-XS,8718295091443
J10-444-L,8718295104444
J10-444-M,8718295103444
J10-444-S,8718295102444
J10-444-XL,8718295105444
J10-444-XS,8718295101444
J10-445-L,8718295104445
J10-445-M,8718295103445
J10-445-S,8718295102445
J10-445-XL,8718295105445
J10-445-XS,8718295101445
J10-446-L,8718295104446
J10-446-M,8718295103446
J10-446-S,8718295102446
J10-446-XL,8718295105446
J10-446-XS,8718295101446
J10-447-L,8718295104447
J10-447-M,8718295103447
J10-447-S,8718295102447
J10-447-XL,8718295105447
J10-447-XS,8718295101447
J10-448-L,8718295094448
J10-448-M,8718295093448
J10-448-S,8718295092448
J10-448-XL,8718295095448
J10-448-XS,8718295091448
J10-449-L,8718295094449
J10-449-M,8718295093449
J10-449-S,8718295092449
J10-449-XL,8718295095449
J10-449-XS,8718295091449
J10-450-L,8718295104450
J10-450-M,8718295103450
J10-450-S,8718295102450
J10-450-XL,8718295105450
J10-450-XS,8718295101450
J10-453-L,8718295104453
J10-453-M,8718295103453
J10-453-S,8718295102453
J10-453-XL,8718295105453
J10-453-XS,8718295101453
J10-454-L,8718295104454
J10-454-M,8718295103454
J10-454-S,8718295102454
J10-454-XL,8718295105454
J10-454-XS,8718295101454
J10-455-L,8718295104455
J10-455-M,8718295103455
J10-455-S,8718295102455
J10-455-XL,8718295105455
J10-455-XS,8718295101455
J10-456-L,8718295104456
J10-456-M,8718295103456
J10-456-S,8718295102456
J10-456-XL,8718295105456
J10-456-XS,8718295101456
J10-457-L,8718295104457
J10-457-M,8718295103457
J10-457-S,8718295102457
J10-457-XL,8718295105457
J10-457-XS,8718295101457
J10-458-L,8718295104458
J10-458-M,8718295103458
J10-458-S,8718295102458
J10-458-XL,8718295105458
J10-458-XS,8718295101458
J10-465-L,8718295104465
J10-465-M,8718295103465
J10-465-S,8718295102465
J10-465-XL,8718295105465
J10-465-XS,8718295101465
J10-490-L,8718295103490
J10-490-M,8718295102490
J10-490-S,8718295101490
J10-490-XL,8718295104490
J10-491-L,8718295122491
J10-491-M,8718295121491
J10-491-S,8718295120491
J10-491-XL,8718295123491
J10-491-XS,8718295119491
J10-492-L,8718295094492
J10-492-M,8718295093492
J10-492-S,8718295092492
J10-492-XL,8718295095492
J10-492-XS,8718295091492
J10-493-L,8718295104493
J10-493-M,8718295103493
J10-493-S,8718295102493
J10-493-XL,8718295105493
J10-493-XS,8718295101493
J10-494-L,8718295104494
J10-494-M,8718295103494
J10-494-S,8718295102494
J10-494-XL,8718295105494
J10-494-XS,8718295101494
J10-495-L,8718295104495
J10-495-M,8718295103495
J10-495-S,8718295102495
J10-495-XL,8718295105495
J10-495-XS,8718295101495
J10-496-L,8718295094496
J10-496-M,8718295093496
J10-496-S,8718295092496
J10-496-XL,8718295095496
J10-496-XS,8718295091496
J10-497-L,8718295104497
J10-497-M,8718295103497
J10-497-S,8718295102497
J10-497-XL,8718295105497
J10-497-XS,8718295101497
J10-500-L,8718295094500
J10-500-M,8718295093500
J10-500-S,8718295092500
J10-500-XL,8718295095500
J10-500-XS,8718295091500
J10-502-L,8718295104502
J10-502-M,8718295103502
J10-502-S,8718295102502
J10-502-XL,8718295105502
J10-502-XS,8718295101502
J10-505-L,8718295094505
J10-505-M,8718295093505
J10-505-S,8718295092505
J10-505-XL,8718295095505
J10-505-XS,8718295091505
J10-508-L,8718295094508
J10-508-M,8718295093508
J10-508-S,8718295092508
J10-508-XL,8718295095508
J10-508-XS,8718295091508
J10-509-L,8718295094509
J10-509-M,8718295093509
J10-509-S,8718295092509
J10-509-XL,8718295095509
J10-509-XS,8718295091509
J10-510-L,8718295094510
J10-510-M,8718295093510
J10-510-S,8718295092510
J10-510-XL,8718295095510
J10-510-XS,8718295091510
J10-512-L,8718295094512
J10-512-M,8718295093512
J10-512-S,8718295092512
J10-512-XL,8718295095512
J10-512-XS,8718295091512
J10-514-L,8718295094514
J10-514-M,8718295093514
J10-514-S,8718295092514
J10-514-XL,8718295095514
J10-514-XS,8718295091514
J10-519-L,8718295104519
J10-519-M,8718295103519
J10-519-S,8718295102519
J10-519-XL,8718295105519
J10-519-XS,8718295101519
J10-520-L,8718295094520
J10-520-M,8718295093520
J10-520-S,8718295092520
J10-520-XL,8718295095520
J10-520-XS,8718295091520
J10-521-L,8718295094521
J10-521-M,8718295093521
J10-521-S,8718295092521
J10-521-XL,8718295095521
J10-521-XS,8718295091521
J10-522-L,8718295094522
J10-522-M,8718295093522
J10-522-S,8718295092522
J10-522-XL,8718295095522
J10-522-XS,8718295091522
J10-523-L,8718295094523
J10-523-M,8718295093523
J10-523-S,8718295092523
J10-523-XL,8718295095523
J10-523-XS,8718295091523
J10-524-L,8718295094524
J10-524-M,8718295093524
J10-524-S,8718295092524
J10-524-XL,8718295095524
J10-524-XS,8718295091524
J10-527-L,8718295104527
J10-527-M,8718295103527
J10-527-S,8718295102527
J10-527-XL,8718295105527
J10-527-XS,8718295101527
J10-528-L,8718295094528
J10-528-M,8718295093528
J10-528-S,8718295092528
J10-528-XL,8718295095528
J10-528-XS,8718295091528
J10-529-L,8718295104529
J10-529-M,8718295103529
J10-529-S,8718295102529
J10-529-XL,8718295105529
J10-529-XS,8718295101529
J10-536-L,8718295094536
J10-536-M,8718295093536
J10-536-S,8718295092536
J10-536-XL,8718295095536
J10-536-XS,8718295091536
J10-537-L,8718295094537
J10-537-M,8718295093537
J10-537-S,8718295092537
J10-537-XL,8718295095537
J10-537-XS,8718295091537
J10-538-L,8718295094538
J10-538-M,8718295093538
J10-538-S,8718295092538
J10-538-XL,8718295095538
J10-538-XS,8718295091538
J10-539-L,8718295094539
J10-539-M,8718295093539
J10-539-S,8718295092539
J10-539-XL,8718295095539
J10-539-XS,8718295091539
J10-540-L,8718295094540
J10-540-M,8718295093540
J10-540-S,8718295092540
J10-540-XL,8718295095540
J10-540-XS,8718295091540
J10-541-L,8718295104541
J10-541-M,8718295103541
J10-541-S,8718295102541
J10-541-XL,8718295105541
J10-541-XS,8718295101541
J10-545-L,8718295104545
J10-545-M,8718295103545
J10-545-S,8718295102545
J10-545-XL,8718295105545
J10-545-XS,8718295101545
J10-546-L,8718295104546
J10-546-M,8718295103546
J10-546-S,8718295102546
J10-546-XL,8718295105546
J10-546-XS,8718295101546
J10-548,8718295101548
J10-550-L,8718295104550
J10-550-M,8718295103550
J10-550-S,8718295102550
J10-550-XL,8718295105550
J10-550-XS,8718295101550
J10-552-L,8718295104552
J10-552-M,8718295103552
J10-552-S,8718295102552
J10-552-XL,8718295105552
J10-552-XS,8718295101552
J10-553-L,8718295104553
J10-553-M,8718295103553
J10-553-S,8718295102553
J10-553-XL,8718295105553
J10-553-XS,8718295101553
J10-554-L,8718295104554
J10-554-M,8718295103554
J10-554-S,8718295102554
J10-554-XL,8718295105554
J10-554-XS,8718295101554
J10-555-L,8718295104555
J10-555-M,8718295103555
J10-555-S,8718295102555
J10-555-XL,8718295105555
J10-555-XS,8718295101555
J10-556-L,8718295094556
J10-556-M,8718295093556
J10-556-S,8718295092556
J10-556-XL,8718295095556
J10-556-XS,8718295091556
J10-557-L,8718295104557
J10-557-M,8718295103557
J10-557-S,8718295102557
J10-557-XL,8718295105557
J10-557-XS,8718295101557
J10-560-L,8718295104560
J10-560-M,8718295103560
J10-560-S,8718295102560
J10-560-XL,8718295105560
J10-560-XS,8718295101560
J10-561-L,8718295104561
J10-561-M,8718295103561
J10-561-S,8718295102561
J10-561-XL,8718295105561
J10-561-XS,8718295101561
J10-562-L,8718295104562
J10-562-M,8718295103562
J10-562-S,8718295102562
J10-562-XL,8718295105562
J10-562-XS,8718295101562
J10-563-L,8718295122563
J10-563-M,8718295121563
J10-563-S,8718295120563
J10-563-XL,8718295123563
J10-563-XS,8718295119563
J10-565-L,8718295104565
J10-565-M,8718295103565
J10-565-S,8718295102565
J10-565-XL,8718295105565
J10-565-XS,8718295101565
J10-566-L,8718295104566
J10-566-M,8718295103566
J10-566-S,8718295102566
J10-566-XL,8718295105566
J10-566-XS,8718295101566
J10-567-L,8718295104567
J10-567-M,8718295103567
J10-567-S,8718295102567
J10-567-XL,8718295105567
J10-567-XS,8718295101567
J10-568-L,8718295094568
J10-568-M,8718295093568
J10-568-S,8718295092568
J10-568-XL,8718295095568
J10-568-XS,8718295091568
J10-569-L,8718295104569
J10-569-M,8718295103569
J10-569-S,8718295102569
J10-569-XL,8718295105569
J10-569-XS,8718295101569
J10-570-L,8718295104570
J10-570-M,8718295103570
J10-570-S,8718295102570
J10-570-XL,8718295105570
J10-570-XS,8718295101570
J10-571-L,8718295094571
J10-571-M,8718295093571
J10-571-S,8718295092571
J10-571-XL,8718295095571
J10-571-XS,8718295091571
J10-572-L,8718295094572
J10-572-M,8718295093572
J10-572-S,8718295092572
J10-572-XL,8718295095572
J10-572-XS,8718295091572
J10-573-L,8718295122573
J10-573-M,8718295121573
J10-573-S,8718295120573
J10-573-XL,8718295095573
J10-573-XS,8718295091573
J10-574-L,8718295104574
J10-574-M,8718295103574
J10-574-S,8718295102574
J10-574-XL,8718295105574
J10-574-XS,8718295101574
J10-575-L,8718295102575
J10-575-M,8718295101575
J10-576-L,8718295094576
J10-576-M,8718295093576
J10-576-S,8718295092576
J10-576-XL,8718295095576
J10-576-XS,8718295091576
J10-577-L,8718295094577
J10-577-M,8718295093577
J10-577-S,8718295092577
J10-577-XL,8718295095577
J10-577-XS,8718295091577
J10-578-L,8718295094578
J10-578-M,8718295093578
J10-578-S,8718295092578
J10-578-XL,8718295095578
J10-578-XS,8718295091578
J10-579-L,8718295094579
J10-579-M,8718295093579
J10-579-S,8718295092579
J10-579-XL,8718295095579
J10-579-XS,8718295091579
J10-580-L,8718295094580
J10-580-M,8718295093580
J10-580-S,8718295092580
J10-580-XL,8718295095580
J10-580-XS,8718295091580
J10-581-L,8718295094581
J10-581-M,8718295093581
J10-581-S,8718295092581
J10-581-XL,8718295095581
J10-581-XS,8718295091581
J10-582-L,8718295104582
J10-582-M,8718295103582
J10-582-S,8718295102582
J10-582-XL,8718295105582
J10-582-XS,8718295101582
J10-585-L,8718295094585
J10-585-M,8718295093585
J10-585-S,8718295092585
J10-585-XL,8718295095585
J10-585-XS,8718295091585
J10-587-L,8718295094587
J10-587-M,8718295093587
J10-587-S,8718295092587
J10-587-XL,8718295095587
J10-587-XS,8718295091587
J10-588-L,8718295094588
J10-588-M,8718295093588
J10-588-S,8718295092588
J10-588-XL,8718295095588
J10-588-XS,8718295091588
J10-589-L,8718295094589
J10-589-M,8718295093589
J10-589-S,8718295092589
J10-589-XL,8718295095589
J10-589-XS,8718295091589
J10-590-L,8718295094590
J10-590-M,8718295093590
J10-590-S,8718295092590
J10-590-XL,8718295095590
J10-590-XS,8718295091590
J10-591-L,8718295094591
J10-591-M,8718295093591
J10-591-S,8718295092591
J10-591-XL,8718295095591
J10-591-XS,8718295091591
J10-593-L,8718295104593
J10-593-M,8718295103593
J10-593-S,8718295102593
J10-593-XL,8718295105593
J10-593-XS,8718295101593
J10-594-L,8718295104594
J10-594-M,8718295103594
J10-594-S,8718295102594
J10-594-XL,8718295105594
J10-594-XS,8718295101594
J10-595-L,8718295104595
J10-595-M,8718295103595
J10-595-S,8718295102595
J10-595-XL,8718295105595
J10-595-XS,8718295101595
J10-598-L,8718295104598
J10-598-M,8718295103598
J10-598-S,8718295102598
J10-598-XL,8718295105598
J10-598-XS,8718295101598
J10-603-L,8718295122603
J10-603-M,8718295121603
J10-603-S,8718295120603
J10-603-XL,8718295123603
J10-603-XS,8718295119603
J10-604-L,8718295122604
J10-604-M,8718295121604
J10-604-S,8718295120604
J10-604-XL,8718295123604
J10-604-XS,8718295119604
J10-606-L,8718295122606
J10-606-M,8718295121606
J10-606-S,8718295120606
J10-606-XL,8718295123606
J10-606-XS,8718295119606
J10-611-L,8718295122611
J10-611-M,8718295121611
J10-611-S,8718295120611
J10-611-XL,8718295123611
J10-611-XS,8718295119611
J10-612-L,8718295116612
J10-612-M,8718295115612
J10-612-S,8718295114612
J10-612-XL,8718295117612
J10-612-XS,8718295113612
J10-622-L,8718295122622
J10-622-M,8718295121622
J10-622-S,8718295120622
J10-622-XL,8718295123622
J10-622-XS,8718295119622
J10-630-L,8718295122630
J10-630-M,8718295121630
J10-630-S,8718295120630
J10-630-XL,8718295123630
J10-630-XS,8718295119630
J10-631-L,8718295122631
J10-631-M,8718295121631
J10-631-S,8718295120631
J10-631-XL,8718295123631
J10-631-XS,8718295119631
J10-639-L,8718295122639
J10-639-M,8718295121639
J10-639-S,8718295120639
J10-639-XL,8718295123639
J10-639-XS,8718295119639
J10-640-L,8718295110640
J10-640-M,8718295109640
J10-640-S,8718295108640
J10-640-XL,8718295111640
J10-640-XS,8718295107640
J10-641-L,8718295116641
J10-641-M,8718295115641
J10-641-S,8718295114641
J10-641-XL,8718295117641
J10-641-XS,8718295113641
J10-643-L,8718295122643
J10-643-M,8718295121643
J10-643-S,8718295120643
J10-643-XL,8718295123643
J10-643-XS,8718295119643
J10-644-L,8718295122644
J10-644-M,8718295121644
J10-644-S,8718295120644
J10-644-XL,8718295123644
J10-644-XS,8718295119644
J10-646-L,8718295122646
J10-646-M,8718295121646
J10-646-S,8718295120646
J10-646-XL,8718295123646
J10-646-XS,8718295119646
J10-649-L,8718295122649
J10-649-M,8718295121649
J10-649-S,8718295120649
J10-649-XL,8718295123649
J10-649-XS,8718295119649
J10-651-L,8718295122651
J10-651-M,8718295121651
J10-651-S,8718295120651
J10-651-XL,8718295123651
J10-651-XS,8718295119651
J10-654-L,8718295122654
J10-654-M,8718295121654
J10-654-S,8718295120654
J10-654-XL,8718295123654
J10-654-XS,8718295119654
J10-655-L,8718295104655
J10-655-M,8718295103655
J10-655-S,8718295102655
J10-655-XL,8718295105655
J10-655-XS,8718295101655
J10-657-L,8718295122657
J10-657-M,8718295121657
J10-657-S,8718295120657
J10-657-XL,8718295123657
J10-657-XS,8718295119657
J10-659-L,8718295110659
J10-659-M,8718295109659
J10-659-S,8718295108659
J10-659-XL,8718295111659
J10-659-XS,8718295107659
J10-661-L,8718295122661
J10-661-M,8718295121661
J10-661-S,8718295120661
J10-661-XL,8718295123661
J10-661-XS,8718295119661
J10-664-L,8718295122664
J10-664-M,8718295121664
J10-664-S,8718295120664
J10-664-XL,8718295123664
J10-664-XS,8718295119664
J10-666-L,8718295122666
J10-666-M,8718295121666
J10-666-S,8718295120666
J10-666-XL,8718295123666
J10-666-XS,8718295119666
J10-667-L,8718295122667
J10-667-M,8718295121667
J10-667-S,8718295120667
J10-667-XL,8718295123667
J10-667-XS,8718295119667
J10-668-L,8718295122668
J10-668-M,8718295121668
J10-668-S,8718295120668
J10-668-XL,8718295123688
J10-668-XS,8718295119668
J10-669-L,8718295122669
J10-669-M,8718295121669
J10-669-S,8718295120669
J10-669-XL,8718295123669
J10-669-XS,8718295119669
J10-670-L,8718295122670
J10-670-M,8718295121670
J10-670-S,8718295120670
J10-670-XL,8718295123670
J10-670-XS,8718295119670
J10-671-L,8718295116671
J10-671-M,8718295115671
J10-671-S,8718295114671
J10-671-XL,8718295117671
J10-671-XS,8718295113671
J10-676-L,8718295122676
J10-676-M,8718295121676
J10-676-S,8718295120676
J10-676-XL,8718295123676
J10-676-XS,8718295119676
J10-678-L,8718295122678
J10-678-M,8718295121678
J10-678-S,8718295120678
J10-678-XL,8718295123678
J10-678-XS,8718295119678
J10-679-L,8718295122679
J10-679-M,8718295121679
J10-679-S,8718295120679
J10-679-XL,8718295123679
J10-679-XS,8718295119679
J10-681-L,8718295122681
J10-681-M,8718295121681
J10-681-S,8718295120681
J10-681-XL,8718295123681
J10-681-XS,8718295119681
J10-682-L,8718295122682
J10-682-M,8718295121682
J10-682-S,8718295120682
J10-682-XL,8718295123682
J10-682-XS,8718295119682
J10-684-L,8718295122684
J10-684-M,8718295121684
J10-684-S,8718295120684
J10-684-XL,8718295123684
J10-684-XS,8718295119684
J10-687-L,8718295122687
J10-687-M,8718295121687
J10-687-S,8718295120687
J10-687-XL,8718295123687
J10-687-XS,8718295119687
J10-688-L,8718295122688
J10-688-M,8718295121688
J10-688-S,8718295120688
J10-688-XL,8718295123688
J10-688-XS,8718295119688
J10-689-L,8718295122689
J10-689-M,8718295121689
J10-689-S,8718295120689
J10-689-XL,8718295123689
J10-689-XS,8718295119689
J10-692-L,8718295122692
J10-692-M,8718295121692
J10-692-S,8718295120692
J10-692-XL,8718295123692
J10-692-XS,8718295119692
J10-695-L,8718295122695
J10-695-M,8718295121695
J10-695-S,8718295120695
J10-695-XS,8718295119695
J10-696-L,8718295121696
J10-696-M,8718295120696
J10-696-S,8718295119696
J10-696-XL,8718295122696
J10-697-L,8718295121697
J10-697-L,8718295122697
J10-697-M,8718295120697
J10-697-M,8718295121697
J10-697-S,8718295119697
J10-697-S,8718295120697
J10-697-XL,8718295122697
J10-697-XL,8718295123697
J10-697-XS,8718295119697
J10-700-L,8718295122700
J10-700-M,8718295121700
J10-700-S,8718295120700
J10-700-XL,8718295123700
J10-700-XS,8718295119700
J10-705-L,8718295122705
J10-705-M,8718295121705
J10-705-S,8718295120705
J10-705-XL,8718295123705
J10-705-XS,8718295119705
J10-706-L,8718295122706
J10-706-M,8718295121706
J10-706-S,8718295120706
J10-706-XL,8718295123706
J10-706-XS,8718295119706
J10-707-L,8718295122707
J10-707-M,8718295121707
J10-707-S,8718295120707
J10-707-XL,8718295123707
J10-707-XS,8718295119707
J10-708-L,8718295122708
J10-708-M,8718295121708
J10-708-S,8718295120708
J10-708-XL,8718295123708
J10-708-XS,8718295119708
J10-709-L,8718295122709
J10-709-M,8718295121709
J10-709-S,8718295120709
J10-709-XL,8718295123709
J10-709-XS,8718295119709
J10-710-L,8718295122710
J10-710-M,8718295121710
J10-710-S,8718295120710
J10-710-XL,8718295123710
J10-710-XS,8718295119710
J10-712,8718295119712
J10-713,8718295119713
J10-714-L,8718295122714
J10-714-M,8718295121714
J10-714-S,8718295120714
J10-714-XL,8718295123714
J10-714-XS,8718295119714
J10-715-L,8718295122715
J10-715-M,8718295121715
J10-715-S,8718295120715
J10-715-XL,8718295123715
J10-715-XS,8718295119715
J10-716-L,8718295122716
J10-716-M,8718295121716
J10-716-S,8718295120716
J10-716-XL,8718295123716
J10-716-XS,8718295119716
J10-717-L,8718295122717
J10-717-M,8718295121717
J10-717-S,8718295120717
J10-717-XL,8718295123717
J10-717-XS,8718295119717
J10-718-L,8718295122718
J10-718-M,8718295121718
J10-718-S,8718295120718
J10-718-XL,8718295123718
J10-718-XS,8718295119718
J10-719-L,8718295122719
J10-719-M,8718295121719
J10-719-S,8718295120719
J10-719-XL,8718295123719
J10-719-XS,8718295119719
J10-720-L,8718295122720
J10-720-M,8718295121720
J10-720-S,8718295120720
J10-720-XL,8718295123720
J10-720-XS,8718295119720
J10-721-L,8718295122721
J10-721-M,8718295121721
J10-721-S,8718295120721
J10-721-XL,8718295123721
J10-721-XS,8718295119721
J10-724-L,8718295122724
J10-724-M,8718295121724
J10-724-S,8718295120724
J10-724-XL,8718295123724
J10-724-XS,8718295119724
J10-725-L,8718295122725
J10-725-M,8718295121725
J10-725-S,8718295120725
J10-725-XL,8718295123725
J10-725-XS,8718295119725
J10-726-L,8718295122726
J10-726-M,8718295121726
J10-726-S,8718295120726
J10-726-XL,8718295123726
J10-726-XS,8718295119726
J10-727-L,8718295122727
J10-727-M,8718295121727
J10-727-S,8718295120727
J10-727-XL,8718295123727
J10-727-XS,8718295119727
J10-728,8718295119728
J10-729-L,8718295122729
J10-729-M,8718295121729
J10-729-S,8718295120729
J10-729-XL,8718295123729
J10-729-XS,8718295119729
J10-730-L,8718295122730
J10-730-M,8718295121730
J10-730-S,8718295120730
J10-730-XL,8718295123730
J10-730-XS,8718295119730
J10-731-L,8718295122731
J10-731-M,8718295121731
J10-731-S,8718295120731
J10-731-XL,8718295123731
J10-731-XS,8718295119731
J10-732-L,8718295122732
J10-732-M,8718295121732
J10-732-S,8718295120732
J10-732-XL,8718295123732
J10-732-XS,8718295119732
J10-733-L,8718295122733
J10-733-M,8718295121733
J10-733-S,8718295120733
J10-733-XL,8718295123733
J10-733-XS,8718295119733
J10-734-L,8718295122734
J10-734-M,8718295121734
J10-734-S,8718295120734
J10-734-XL,8718295123734
J10-734-XS,8718295119734
J10-739-L,8718295120739
J10-739-M,8718295119739
J10-740-L,8718295120740
J10-740-M,8718295119740
J10-741-L,8718295120741
J10-741-M,8718295119741
J10-742-L,8718295115742
J10-742-M,8718295114742
J10-742-S,8718295113742
J10-742-XL,8718295116742
J10-743-L,8718295120743
J10-743-M,8718295119743
J10-744-L,8718295122744
J10-744-M,8718295121744
J10-744-S,8718295120744
J10-744-XL,8718295123744
J10-744-XS,8718295119744
J10-745-L,8718295120745
J10-745-M,8718295119745
J10-748-L,8718295122748
J10-748-M,8718295121748
J10-748-S,8718295120748
J10-748-XL,8718295123748
J10-748-XS,8718295119748
J10-750-L,8718295128750
J10-750-M,8718295127750
J10-750-S,8718295126750
J10-750-XL,8718295129750
J10-750-XS,8718295125750
J10-754-L,8718295122754
J10-754-M,8718295121754
J10-754-S,8718295120754
J10-754-XL,8718295123754
J10-754-XS,8718295119754
J10-755-L,8718295122755
J10-755-M,8718295121755
J10-755-S,8718295120755
J10-755-XL,8718295123755
J10-755-XS,8718295119755
J10-759-L,8718295122759
J10-759-M,8718295121759
J10-759-S,8718295120759
J10-759-XL,8718295123759
J10-759-XS,8718295119759
J10-762-L,8718295122762
J10-762-M,8718295121762
J10-762-S,8718295120762
J10-762-XL,8718295123762
J10-762-XS,8718295119762
J10-763-L,8718295122763
J10-763-M,8718295121763
J10-763-S,8718295120763
J10-763-XL,8718295123763
J10-763-XS,8718295119763
J10-766-L,8718295127766
J10-766-M,8718295126766
J10-766-S,8718295125766
J10-766-XL,8718295128766
J10-769-L,8718295122769
J10-769-M,8718295121769
J10-769-S,8718295120769
J10-769-XL,8718295123769
J10-769-XS,8718295119769
J10-770-L,8718295122770
J10-770-M,8718295121770
J10-770-S,8718295120770
J10-770-XL,8718295123770
J10-770-XS,8718295119770
J10-771-L,8718295122771
J10-771-M,8718295121771
J10-771-S,8718295120771
J10-771-XL,8718295123771
J10-771-XS,8718295119771
J10-772-L,8718295122772
J10-772-M,8718295121772
J10-772-S,8718295120772
J10-772-XL,8718295123772
J10-772-XS,8718295119772
J10-778-L,8718295122778
J10-778-M,8718295121778
J10-778-S,8718295120778
J10-778-XL,8718295123778
J10-778-XS,8718295119778
J10-779-L,8718295122779
J10-779-M,8718295121779
J10-779-S,8718295120779
J10-779-XL,8718295123779
J10-779-XS,8718295119779
J10-780-L,8718295122780
J10-780-M,8718295121780
J10-780-S,8718295120780
J10-780-XL,8718295123780
J10-780-XS,8718295119780
J10-782-L,8718295122782
J10-782-M,8718295121782
J10-782-S,8718295120782
J10-782-XL,8718295123782
J10-782-XS,8718295119782
J10-783-L,8718295122783
J10-783-M,8718295121783
J10-783-S,8718295120783
J10-784-L,8718295122784
J10-784-M,8718295121784
J10-784-S,8718295120784
J10-785-L,8718295122785
J10-785-M,8718295121785
J10-785-S,8718295120785
J10-785-XL,8718295123785
J10-785-XS,8718295119785
J10-787-L,8718295122787
J10-787-M,8718295121787
J10-787-S,8718295120787
J10-787-XL,8718295123787
J10-787-XS,8718295119787
J10-788-L,8718295121788
J10-788-M,8718295120788
J10-788-S,8718295119788
J10-788-XL,8718295122788
J10-789-L,8718295122789
J10-789-M,8718295121789
J10-789-S,8718295120789
J10-789-XL,8718295123789
J10-789-XS,8718295119789
J10-794-L,8718295122794
J10-794-M,8718295121794
J10-794-S,8718295120794
J10-794-XL,8718295123794
J10-794-XS,8718295119794
J10-800-L,8718295121800
J10-800-M,8718295120800
J10-800-S,8718295119800
J10-800-XL,8718295122800
J10-801-L,8718295121801
J10-801-M,8718295120801
J10-801-S,8718295119801
J10-801-XL,8718295122801
J10-803-L,8718295121803
J10-803-M,8718295120803
J10-803-S,8718295119803
J10-803-XL,8718295122803
J10-818-L,8718295122818
J10-818-M,8718295121818
J10-818-S,8718295120818
J10-818-XL,8718295123818
J10-818-XS,8718295119818
J10-821-L,8718295122821
J10-821-M,8718295121821
J10-821-S,8718295120821
J10-821-XL,8718295123821
J10-821-XS,8718295119821
J10-822-L,8718295122822
J10-822-M,8718295121822
J10-822-S,8718295120822
J10-822-XL,8718295123822
J10-822-XS,8718295119822
J10-830-L,8718295121830
J10-830-M,8718295120830
J10-830-S,8718295119830
J10-830-XL,8718295122830
J10-839-One Size,8718295120839
J10-840-L,8718295122840
J10-840-M,8718295121840
J10-840-S,8718295120840
J10-840-XL,8718295123840
J10-840-XS,8718295119840
J10-851-L,8718295122851
J10-851-M,8718295121851
J10-851-S,8718295120851
J10-851-XL,8718295123851
J10-853-L,8718295121853
J10-853-M,8718295120853
J10-853-S,8718295119853
J10-853-XL,8718295122853
J10-855-L,8718295122855
J10-855-M,8718295121855
J10-855-S,8718295120855
J10-855-XL,8718295123855
J10-857-L,8718295121857
J10-857-M,8718295120857
J10-857-S,8718295119857
J10-857-XL,8718295122857
J10-859-L,8718295122859
J10-859-M,8718295121859
J10-859-S,8718295120859
J10-859-XL,8718295123859
J10-859-XS,8718295119859
J10-860-L,8718295121860
J10-860-M,8718295120860
J10-860-S,8718295119860
J10-860-XL,8718295122860
J10-867-L,8718295121867
J10-867-M,8718295120867
J10-867-S,8718295119867
J10-867-XL,8718295122867
J10-868-L,8718295121868
J10-868-M,8718295120868
J10-868-S,8718295119868
J10-868-XL,8718295122868
J10-869-L,8718295121869
J10-869-M,8718295120869
J10-869-S,8718295119869
J10-869-XL,8718295122869
J10-870-L,8718295121870
J10-870-M,8718295120870
J10-870-S,8718295119870
J10-870-XL,8718295122870
J10-871-L,8718295121871
J10-871-M,8718295120871
J10-871-S,8718295119871
J10-871-XL,8718295122871
J10-872-L,8718295121872
J10-872-M,8718295120872
J10-872-S,8718295119872
J10-872-XL,8718295122872
J10-874-L,8718295122874
J10-874-M,8718295121874
J10-874-S,8718295120874
J10-874-XL,8718295123874
J10-875-L,8718295122875
J10-875-M,8718295121875
J10-875-S,8718295120875
J10-875-XL,8718295123875
J10-876-L,8718295122876
J10-876-M,8718295121876
J10-876-S,8718295120876
J10-876-XL,8718295123876
J10-877-L,8718295122877
J10-877-M,8718295121877
J10-877-S,8718295120877
J10-877-XL,8718295123877
J10-882-L,8718295122882
J10-882-M,8718295121882
J10-882-S,8718295120882
J10-882-XL,8718295123882
J10-883-L,8718295122883
J10-883-M,8718295121883
J10-883-S,8718295120883
J10-883-XL,8718295123883
J10-884-L,8718295122884
J10-884-M,8718295121884
J10-884-S,8718295120884
J10-884-XL,8718295123884
J10-885-L,8718295122885
J10-885-M,8718295121885
J10-885-S,8718295120885
J10-885-XL,8718295123885
J10-886-L,8718295122886
J10-886-M,8718295121886
J10-886-S,8718295120886
J10-886-XL,8718295123886
J10-887-L,8718295121887
J10-887-M,8718295120887
J10-887-S,8718295119887
J10-887-XL,8718295122887
J10-888-L,8718295122888
J10-888-M,8718295121888
J10-888-S,8718295120888
J10-888-XL,8718295123888
J10-889-L,8718295122889
J10-889-M,8718295121889
J10-889-S,8718295120889
J10-889-XL,8718295123889
J10-890-L,8718295122890
J10-890-M,8718295121890
J10-890-S,8718295120890
J10-890-XL,8718295123890
J10-895-L,8718295122895
J10-895-M,8718295121895
J10-895-S,8718295120895
J10-895-XL,8718295123895
J10-896-L,8718295122896
J10-896-M,8718295121896
J10-896-S,8718295120896
J10-896-XL,8718295123896
J10-900-L,8718295122900
J10-900-M,8718295121900
J10-900-S,8718295120900
J10-900-XL,8718295123900

