"Express Checkout and Order have been canceled.","Express Checkout and Order have been canceled."
"Express Checkout has been canceled.","Express Checkout has been canceled."
"Fetch","Fetch"
"PayPal Express Checkout (Payflow Edition) Shortcut Wrapper","PayPal Express Checkout (Payflow Edition) Shortcut Wrapper"
"PayPal Express Checkout Token does not exist.","PayPal Express Checkout Token does not exist."
"PayPal Express Order Review Form","PayPal Express Order Review Form"
"PayPal Settlement Reports","PayPal Settlement Reports"
"Pending PayPal","Pending PayPal"
"Reports","Reports"
"Sales","Sales"
"Solo","Solo"
"Switch/Maestro","Switch/Maestro"
"Unable to cancel Express Checkout.","Unable to cancel Express Checkout."
"Unable to initialize Express Checkout review.","Unable to initialize Express Checkout review."
"Unable to place the order.","Unable to place the order."
"Unable to process Express Checkout approval.","Unable to process Express Checkout approval."
"Unable to start Express Checkout.","Unable to start Express Checkout."
"Unable to update shipping method.","Unable to update shipping method."
"View","View"
"View Transaction","View Transaction"
"Wrong PayPal Express Checkout Token specified.","Wrong PayPal Express Checkout Token specified."
"You will be redirected to the PayPal website in a few seconds.","You will be redirected to the PayPal website in a few seconds."
