" and "," and "
"Display %s first","%s eerst weergeven"
"(Absolute path or Relative to Magento install root, ex. var/export)","(Absoluut of relatief pad naar Magento installatie-root, bijv. var/export)"
"(If left empty will be auto-generated)","(Als u deze leeg laat, wordt er een gegenereerd)"
"(Starting with)","(Beginnend met)"
"(When 'No', only mapped fields will be imported. When mapping, use 'column1', 'column2', etc.)","(Bij &34;Nee &34; worden alleen ingedeelde velden ge&iuml;mporteerd. Gebruik voor indelen &34;kolom1 &34;,  &34;kolom &34;, etc.)"
"(Leave empty for first spreadsheet)","(Laat leeg voor eerste spreadsheet)"
"(Products will be added/updated to this store if 'store' column is blank or missing in the import file.)","(Producten worden toegevoegd/ge&uuml;pdate naar deze winkel als de kolom Winkel ontbreekt of  leeg is in het importbestand.)"
"(You have to increase php memory_limit before changing this value)","(U moet de php memory_limit verhogen voordat u deze waarde verandert.)"
"(For US 2-letter state names)","(Voor 2-letter-codes van staten in VS)"
"(\t for tab)","(t voor tab)"
"- Click on any of the time parts to increase it","- Klik op een deel van de tijdnotatie om het te verhogen"
"- Use the %s buttons to select month","-- Selecteer de maand met de %s knoppen"
"- Use the %s, %s buttons to select year","-- Selecteer het jaar met de %s, %s knoppen"
"To","Aan"
"Recommended","Aanbevolen"
"Qty","Aantal"
"Number of records:","Aantal records:"
"Account Created in:","Account gemaakt in:"
"Account Created on (%s):","Account gemaakt op (%s):"
"Account Created on:","Account gemaakt op:"
"Action","Actie"
"Actions","Acties"
"Add","Add"
"Add new store view map","Add new store view map"
"Add new website map","Add new website map"
"Address Type:","Adrestype:"
"Images","Afbeeldingen"
"Dependencies","Afhankelijkheden"
"Shipping Address","Afleveradres"
"General Settings","Algemene instellingen"
"All","Alle"
"Upgrade All Available Packages","Alle beschikbare pakketten upgraden"
"All fields","Alle velden"
"All Websites","Alle websites"
"Select Visible","Alle zichtbare selecteren"
"Only mapped fields","Alleen aangegeven velden"
"Switch/Solo Only","Alleen Switch/Solo"
"Select All","Alles selecteren"
"API:","API:"
"SKU","Artikelnummer"
"SKU:","Artikelnummer:"
"Attributes","Attributen"
"Start Date","Begindatum"
"Manage Stores","Beheer winkels"
"Add Maintainer","Beheerder toevoegen"
"Maintainers","Beheerders"
"View","Bekijken"
"major","belangrijk"
"Available Products","Beschikbare producten"
"File Information","Bestandsgegevens"
"Archive file name:","Bestandsnaam archief:"
"File name:","Bestandsnaam:"
"Order confirmation email sent","Bestelbevestiging is gemaild"
"Order Totals","Bestelling totalen"
"Confirmed email:","Bevestigde email:"
"Loading...","Bezig met laden..."
"For latest version visit: %s","Bezoek %s voor de laatste versie"
"Resources","Bronnen"
"Bundle Items","Bundel-artikelen"
"Catalog","Catalogus"
"Web Services Configuration","Configuratie web-services"
"Add Contents Path","Content-pad toevoegen"
"Create a backup","Create a backup"
"Create New Staging Store View","Create New Staging Store View"
"Created <strong>%s</strong> items","Created <strong>%s</strong> items"
"Credit Card Number","Creditcard Nummer"
"Credit Card Number: xxxx-%s","Creditcard-nummer: xxxx-%s"
"Credit Card Type","Creditcard-type"
"Credit Card Type: %s","Creditcard-type: %s"
"Credit Memo History","Creditnota geschiedenis"
"CSV / Tab separated","CSV / Tab-gescheiden"
"Dashboard","Dashboard"
"Select date","Datum selecteren"
"Select Date","Datum selecteren"
"Date:","Datum:"
"Date selection:","Datumkeuze:"
"Date selector","Datumkiezer"
"The information in this tab has been changed.","De informatie in deze tab is gewijzigd."
"Your server PHP settings allow you to upload files not more than %s at a time. Please modify post_max_size (currently is %s) and upload_max_filesize (currently is %s) values in php.ini if you want to upload larger files.","De PHP-instellingen van uw server staan niet toe om files  te uploaden die groter zijn dan %s. Wijzig de waarden van post_max_size (nu %s) en upload_max_filesize (nu %s) in php.ini als u grotere files wilt uploaden."
"Unselect All","De-selecteer alle"
"Unselect Visible","De-selecteer zichtbare"
"Decimal separator:","Decimaal scheidingsteken:"
"This tab contains invalid data. Please solve the problem before saving.","Deze tab bevat ongeldige data. Los dit probleem op voordat u opslaat."
"DHTML Date/Time Selector","DHTML datum/tijd-kiezer"
"This is a required field.","Dit is een verplicht veld."
"Global Record Search","Doorzoek de hele site"
"Email","E-mail"
"Order confirmation email not sent","E-mail met orderbevestiging is niet verzonden"
"Email Preview","E-mail voorbeeld"
"Email:","E-mail:"
"Bundle with dynamic pricing cannot include custom defined options. Options will not be saved.","Een bundel met dynamische prijzen kan geen eigen opties bevatten. Opties worden niet opgeslagen."
"Comments History","Eerdere notities"
"Switch/Solo/Maestro(UK Domestic) Only","Enkel Switch/Solo/Maestro(UK binnenland)"
"Entity type:","Entiteittype:"
"Excl. Tax","Excl. BTW"
"Export","Exporteren"
"Export to:","Exporteren naar:"
"Export:","Exporteren:"
"Extension","Extensie"
"Extensions","Extensies"
"Download Remote File","Extern bestand downloaden"
"Remote FTP","Extern FTP"
"Remote URL:","Externe URL"
"Invoice History","Factuur-geschiedenis"
"Invoice Totals","Factuur-totalen"
"Billing Address","Factuuradres"
"Export Filters","Filters exporteren"
"Finished items creation.","Finished items creation."
"FTP Host[:Port]","FTP Host[:Poort]"
"Installed As","Ge&iuml;nstalleerd als"
"Please use numbers only in this field. please avoid spaces or other characters such as dots or commas.","Gebruik a.u.b. alleen getallen in dit veld, vermijd spaties of andere tekens zoals punten en komma's"
"Please use only letters (a-z) or numbers (0-9) only in this field. No spaces or other characters are allowed.","Gebruik alleen letters (a-z) of getallen (0-9) in dit veld. Spaties en andere tekens zijn niet toegestaan"
"Please use only letters (a-z) or numbers (0-9) or spaces and # only in this field.","Gebruik alleen letters (a-z), getallen (0-9), spaties of # in dit veld."
"Please use this date format: dd/mm/yyyy. For example 17/03/2006 for the 17th of March, 2006.","Gebruik dd/mm/jjjj als datum-formaat. Bijvoorbeeld 17/03/2006 voor 17 maart 2006."
"Please use in this field only ""a-z,0-9,_"".","Gebruik in dit veld uitsluitend  ""a-z,0-9,_""."
"Please use letters only (a-z) in this field.","Gebruik uitsluitend letters (a-z) in dit veld."
"User","Gebruiker"
"Edit User '%s'","Gebruiker '%s'"
"Users","Gebruikers"
"User Name","Gebruikersnaam"
"User name","Gebruikersnaam"
"Done By:","Gedaan door:"
"Done by:","Gedaan door:"
"Please enter a number greater than 0 in this field.","Geef a.u.b. een getal groter dan 0 op in dit veld"
"Please enter a valid social security number. For example 123-45-6789.","Geef een geldig burger-service-nummer op a.u.b. Bijvoorbeeld 123-45-6789."
"Please enter a valid credit card number.","Geef een geldig creditcard-nummer op a.u.b."
"Please enter a valid email address. For example johndoe@domain.com.","Geef een geldig e-mail adres op a.u.b. Bijvoorbeeld: iemand@mail.com ."
"Please enter a valid number in this field.","Geef een geldig getal op in dit veld."
"Please enter a valid phone number. For example (123) 456-7890 or 123-456-7890.","Geef een geldig telefoonnummer op. Bijvoorbeeld (123) 456-7889 of 123-456-7890"
"Please enter a valid date.","Geef een geldige datum op a.u.b."
"Please enter a valid zip code.","Geef een geldige postcode op."
"Please enter a valid URL. For example http://www.example.com or www.example.com","Geef een geldige URL op. Bijvoorbeeld http://www.example.com of www.example.com"
"Please enter a valid URL. http:// is required","Geef een geldige URL op. http:// is noodzakelijk"
"Please enter a valid value from list","Geef een geldige waarde op uit de lijst"
"Please enter a valid value, ex: 10,20,30","Geef een geldige waarde op, bijv.: 10,20,30"
"Please enter 6 or more characters.","Geef meer dan 6 tekens op a.u.b."
"No Data Found","Geen gegevens gevonden"
"No search keywords.","Geen zoektermen."
"Current Release Information","Gegevens huidige release"
"Data Format","Gegevensformaat"
"Data transfer:","Gegevensoverdracht:"
"Shipping method selection is not applicable","Gekozen verzendwijze is niet toepasbaar"
"Provided Files","Geleverde bestanden"
"minor","gering"
"items selected","Geselecteerde artikelen"
"Google Base Items","Google Base Items"
"Group:","Groep:"
"Big Image","Grote afbeelding"
"Help Us Keep Magento Healthy - Report All Bugs","Help Magento gezond te houden. Meld alle bugs."
"- Hold mouse button on any of the above buttons for faster selection.","Houd muisknop vast op een knop hierboven voor snelle selectie"
"Get help for this page","Hulp voor deze pagina"
"images/logo.gif","images/logo.gif"
"Import","Importeren"
"In File:","In bestand:"
"In Database:","In database:"
"Total %d records found","In totaal zijn er %d records gevonden"
"Inactive","Inactief"
"Incl. Tax","Incl. BTW"
"Logged in as %s","Ingelogd als %s"
"Contents","Inhoud"
"Include","Insluiten"
"Interactive","Interactief"
"Interface Locale: %s","Interface-lokalisatie: %s"
"Items to merge","Items to merge"
"Yes","Ja"
"Prev. year (hold for menu)","Jaar terug (vasthouden=menu)"
"Card Verification Number","Kaart-verificatienummer"
"Unable to login.","Kan niet inloggen"
"Channel","Kanaal"
"Channel:","Kanaal:"
"Shipping address selection is not applicable","Keuze van afleveradres is niet toepasbaar"
"Customer Since:","Klant sinds:"
"Customers","Klanten"
"Customer Group:","Klantengroep:"
"critical","kritiek"
"Last Logged In:","Laatst ingelogd"
"Last Logged In (%s):","Laatst ingelogd (%s):"
"Last 5 Orders","Laatste 5 bestellingen"
"Last 5 Search Terms","Laatste 5 zoektermen"
"Latest Message:","Laatste bericht:"
"Last Name:","Laatste naam:"
"Country:","Land:"
"Leave empty to use tax identifier","Leeg laten om BTW-identifier te gebruiken"
"Read details","Lees details"
"Warning! Empty value can cause problems with CSV format.","LET OP! Lege waarde kan problemen veroorzaken met het CSV-formaat."
"Shipment History","Levering Geschiedenis"
"License:","Licentie:"
"Log Out","Log uit"
"Upload Local File","Lokaal bestand uploaden"
"Upload local file:","Lokaal bestand uploaden:"
"Local Server","Lokale server"
"Local/Remote Server","Lokale/externe server"
"Prev. month (hold for menu)","Maand terug (vasthouden=menu)"
"Magento Logo","Magento Logo"
"Magento ver. %s","Magento versie %s"
"Magento&trade; is a trademark of Irubin Consulting Inc. DBA Varien.<br/>Copyright &copy; %s Irubin Consulting Inc.","Magento&trade; is een handelsmerk van Irubin Consulting Inc. DBA Varien.<br/>Copyright &copy; %s Irubin Consulting Inc."
"Magento Core Api","Mageto Core API"
"Mapping Configuration","Mapping Configuration"
"Max","Max"
"md5sum","md5sum"
"notice","melding"
"Merge Now","Merge Now"
"Min","Min"
"Module version conflict!","Module version conflict!"
"MS Excel XML","MS Excel XML"
"N/A","N/B"
"Name","Naam"
"Attribute Set Name:","Naam attributen-set:"
"Name on the Card: %s","Naam op de kaart: %s"
"Name on Card","Naam op kaart"
"Name:","Naam:"
"to","naar"
"Go Today","Naar vandaag"
"No","Nee"
"Ignore","Negeren"
"Add New User","Nieuwe gebruiker toevoegen"
"Add New Role","Nieuwe Rol toevoegen"
"Add New Template","Nieuwe template toevoegen"
"Level","Niveau"
"Note:","Notitie:"
"Shipment Comments","Notities verzending"
"Notes:","Notities:"
"- or click and drag for faster selection.","of klik en sleep voor snelle selectie"
"- or Shift-click to decrease it","of shift-klik om het te verlagen"
"Description:","Omschrijving:"
"Invalid webservice adapter specified","Ongeldige webservice-adapter gespecificeerd"
"Invalid webservice handler specified","Ongeldige webservice-handler gespecificeerd"
"Custom","Op maat"
"or","or"
"Original Magento attribute names in first row:","Originele Magento attribuut-namen in eerste rij:"
"Old rate:","Oude koers:"
"About the calendar","Over de kalender"
"Add Package dependency","Package dependency toevoegen"
"Path:","Pad:"
"Path","Pad:"
"Page","Pagina"
"Package","Pakket"
"Package Information","Pakket-informatie"
"Packages","Pakketten"
"Passive mode","Passieve mode"
"PayPal Email","PayPal e-mail"
"per page","per pagina"
"Personal Information","Persoonlijke gegevens"
"Add PHP Extension dependency","PHP extension dependency toevoegen"
"Please, select a store view","Please, select a store view"
"Zip/Postal Code:","Postcode:"
"Price","Prijs"
"Price:","Prijs:"
"Primary Billing Address","Primair factuuradres"
"Processed <strong>%s%% %s/%d</strong> items","Processed <strong>%s%% %s/%d</strong> items"
"Product","Product"
"Products","Producten"
"Profile Information","Profiel informatie"
"State/Province:","Provincie:"
"Show Report for","Rapport tonen voor"
"Remove","Remove"
"Direction:","Richting:"
"Role","Rol"
"Edit Role","Rol bewerken"
"Role Users","Rol gebruikers"
"Roles","Rollen"
"Roles Resources","Rollen bronnen"
"User Roles","Rollen van gebruiker"
"Summary:","Samenvatting:"
"Schedule Merge","Schedule Merge"
"Current Configuration Scope:","Scope huidige configuratie"
"Magento Core Api Section","Sectie Magento core API"
"Select website from map","Select website from map"
"Select website to map","Select website to map"
"Please select one of the above options.","Selecteer &eacute;&eacute;;n van de hierboven genoemde opties a.u.b.."
"Please select one of the options.","Selecteer &eacute;&eacute;n van de opties a.u.b.."
"Select Range","Selecteer bereik op"
"Please select an option.","Selecteer een optie a.u.b."
"Please select State/Province.","Selecteer een provincie a.u.b"
"Import Service","Service importeren"
"Drag to move","Slepen om te verplaatsen"
"Exclude","Sluit uit"
"Close","Sluiten"
"Some items in this order have different invoice and shipment types. You can create shipment only after the invoice is created.","Sommige bestelde producten hebben afwijkende factuur- en verzendgegevens. U kunt pas een zending aanmaken nadat u hebt gefactureerd."
"Sort Order","Sorteervolgorde"
"Spreadsheet Name:","Spreadsheetnaam:"
"Staging Store: ","Staging Store: "
"Staging Website: ","Staging Website: "
"Default (Admin) Values","Standaard (Admin) waarden"
"Default Values","Standaardwaarden"
"Use Default Value","Standaardwaarden gebruiken"
"View Statistics for","Statistieken bekijken voor"
"Status","Status"
"Status:","Status:"
"Store: ","Store: "
"Add Subpackage dependency","Subpackage dependency toevoegen"
"Subpackage","Subpakket"
"Subpackages","Subpakketten"
"Switch/Solo card issue number: %s","Switch/Solo card nummer: %s"
"Switch/Solo card start Date: %s/%s","Switch/Solo kaart begindatum: %s/%s"
"Switch/Solo/Maestro(UK Domestic) card start Date: %s/%s","Switch/Solo/Maestro(UK binnenland) kaart begindatum: %s/%s"
"Switch/Solo/Maestro(UK Domestic) card issue number: %s","Switch/Solo/Maestro(UK binnenland) kaart nummer: %s"
"Phone:","Telefoon:"
"Thumbnail","Thumbnail"
"Time:","Tijd"
"Time selection:","Tijdkeuze:"
"Client Session timeout (sec.)","Time-out klantsessie"
"Access Denied.","Toegang geweigerd."
"Resource Access","Toegang tot bron"
"Show by","Tonen op"
"Top 5 Search Terms","Top 5 zoektermen"
"Credit Memo Totals","Totaal creditnota's"
"Final Price","Totaalprijs"
"Type","Type"
"Type:","Type:"
"You have","U hebt"
"Issue Number","Uitgave-nummer"
"Distributed under GNU LGPL. See %s for details.","Uitgebracht onder GNU LGP licentie. Voor details zie %s."
"Your Account has been deactivated.","Uw account is gedeactiveerd."
"Issuer: %s","Uw bank: %s"
"From","Van"
"of %s pages","van %s pagina's"
"Add Field with URL:","Veld met URL toevoegen"
"Field Mapping","Veldindeling"
"Connect with the Magento Community","Verbinden met de Magento gemeenschap"
"Version:","Versie:"
"Expiration Date","Vervaldatum"
"Expiration Date: %s/%s","Vervaldatum: %s/%s"
"Delete","Verwijder"
"Enclose Values In:","Voeg waarden bij in:"
"Please enter a valid $ amount. For example $100.00.","Voer een geldig &euro; bedrag op. Bijvoorbeeld: &euro; 100.00."
"Please enter valid password.","Voer een geldig wachtwoord in a.u.b."
"Please enter a valid zip code. For example 90602 or 90602-1234.","Voer een geldige postcode in a.u.b. Bijvoorbeeld: 2900 of 6621BK"
"Track order","Volg bestelling"
"Track this shipment","Volg deze verzending"
"Next year (hold for menu)","Volgende jaar (vasthouden voor menu)"
"Next month (hold for menu)","Volgende maand (vasthouden voor menu0"
"Next page","Volgende pagina"
"First Name:","Voornaam:"
"Stock Quantity:","Voorraadhoeveelheid:"
"Previous page","Vorige pagina"
"Value Delimiter:","Waarde-scheidingsteken:"
"Please wait, loading...","Wacht a.u.b. Bezig met laden..."
"Password","Wachtwoord"
"Warning!rnThis action will remove this user from already assigned rolernAre you sure?","Warning!rnThis action will remove this user from already assigned rolernAre you sure?"
"Warning!rnThis action will remove those users from already assigned rolesrnAre you sure?","Warning!rnThis action will remove those users from already assigned rolesrnAre you sure?"
"What is this?","Wat is dit?"
"Web Services","Web Services"
"Website: ","Website: "
"Websites","Websites"
"Websites / Stores","Websites / Stores"
"Are you sure that you want to delete this template?","Weet u zeker dat u deze template wilt verwijderen?"
"Are you sure that you want to strip tags?","Weet u zeker dat u tags wilt verwijderen?"
"Please confirm site switching. All data that hasn't been saved will be lost.","Weet u zeker dat u wilt wisselen van site? Alle data die nog niet bewaard is zal verloren gaan!"
"(Shift-)Click or drag to change value","Wijzig de waarde met (shift-)klik of slepen"
"Store:","Winkel:"
"Choose Store View","Winkelzicht kiezen"
"Visibility:","Zichtbaarheid"
"Please make sure that your changes were saved before running the profile.","Zorg er voor dat alle wijzigingen zijn opgeslagen voordat u het profiel uitvoert"
"Please make sure your passwords match.","Zorg er voor dat de wachtwoorden overeenkomen"
