"Display %s first","%s eerst weergeven"
"Delete %s","%s verwijderen"
"Delete %s '%s'","%s, %s verwijderen"
"(Absolute path or Relative to Magento install root, ex. var/export)","(Absoluut of relatief pad naar Magento installatie-root, bijv. var/export)"
"(If left empty will be auto-generated)","(Als u deze leeg laat, wordt er een gegenereerd)"
"(Starting with)","(Beginnend met)"
"(When 'No', only mapped fields will be imported. When mapping, use 'column1', 'column2', etc.)","(Bij &34;Nee &34; worden alleen ingedeelde velden ge&iuml;mporteerd. Gebruik voor indelen &34;kolom1 &34;,  &34;kolom &34;, etc.)"
"(Leave empty for first spreadsheet)","(Laat leeg voor eerste spreadsheet)"
"(Products will be added/updated to this store if 'store' column is blank or missing in the import file.)","(Producten worden toegevoegd/ge&uuml;pdate naar deze winkel als de kolom Winkel ontbreekt of  leeg is in het importbestand.)"
"(You have to increase php memory_limit before changing this value)","(U moet de php memory_limit verhogen voordat u deze waarde verandert.)"
"(For US 2-letter state names)","(Voor 2-letter-codes van staten in VS)"
"(\t for tab)","(t voor tab)"
"* - If indexing is in progress, it will be killed and new indexing process will start","* Als er een indexering gaande is, wordt deze gestopt en start een nieuwe indexering."
"- Click on any of the time parts to increase it","- Klik op een deel van de tijdnotatie om het te verhogen"
"-- Please select --","-- Selecteer a.u.b. --"
"-- Please Select --","-- Selecteer a.u.b. --"
"- Use the %s buttons to select month","-- Selecteer de maand met de %s knoppen"
"-- Please select a category --","-- Selecteer een categorie a.u.b. --"
"- Use the %s, %s buttons to select year","-- Selecteer het jaar met de %s, %s knoppen"
"--Please Select--","--Selecteer a.u.b.--"
"1 Hour","1 uur"
"12 Hours","12 uur"
"12h AM/PM","12uur Ochtend/Avond"
"2 Hours","2 uur"
"24 Hours","24 uur"
"24h","24uur"
"6 Hours","6 uur"
"<h1 class=""page-heading"">404 Error</h1><p>Page not found.</p>","<h1 class=""page-heading"">404 Error</h1><p>Pagina niet gevonden.</p>"
"<h1 class=""page-heading"">Access denied</h1><p>Access denied.</p>","<h1 class=""page-heading"">Toegang geweigerd</h1><p>Toegang geweigerd.</p>"
"Processed <strong>%s%% %s/%d</strong> records","<strong>%s%% %s/%d</strong> records verwerkt."
"Created <strong>%s</strong> items","<strong>%s</strong> items aangemaakt"
"Imported <strong>%s</strong> records","<strong>%s</strong> records ge&iuml;mporteerd"
"To","Aan"
"Recommended","Aanbevolen"
"Created At","Aangemaakt op"
"Create","Aanmaken"
"Quantity","Aantal"
"Qty","Aantal"
"Number of Orders","Aantal bestellingen"
"Number of Uses","Aantal keer gebruikt"
"Number of Use","Aantal keer gebruikt"
"Number of records:","Aantal records:"
"Account Created in:","Account gemaakt in:"
"Account Created on (%s):","Account gemaakt op (%s):"
"Account Created on:","Account gemaakt op:"
"Account successfully saved","Account met succes opgeslagen"
"Save Account","Account opslaan"
"Account Information","Account-gegevens"
"Account status","Account-status"
"Lastname","Achternaam"
"Last Name","Achternaam"
"Action","Actie"
"Active","Actief"
"Actions","Acties"
"Actions XML","Acties XML"
"Address Type:","Adrestype:"
"Images","Afbeeldingen"
"Images (.gif, .jpg, .png)","Afbeeldingen (.gif, .jpg, .png)"
"2YTD","Afgelopen 2 jaar."
"Dependencies","Afhankelijkheden"
"Shipping address","Afleveradres"
"Shipping Address","Afleveradres"
"Sender","Afzender"
"Separate email","Afzonderlijke e-mail"
"General Information","Algemene Informatie"
"All","Alle"
"Upgrade All Available Packages","Alle beschikbare pakketten upgraden"
"Upgrade all available packages","Alle beschikbare pakketten upgraden"
"All Files","Alle bestanden"
"All valid rates successfully saved","Alle geldige koersen zijn met succes opgeslagen"
"All rates were fetched, click on ""Save"" to apply","Alle koersen zijn opgehaald, klik op &quot;Opslaan&quot; om te gebruiken"
"All countries","Alle landen"
"All possible rates were fetched, click on ""Save"" to apply","Alle mogelijke koersen zijn opgehaald, klik op &quot;Opslaan&quot; om te gebruiken"
"Upgrade all packages","Alle pakketten upgraden"
"All Tags","Alle tags"
"All Allowed Countries","Alle toegestane landen"
"All fields","Alle velden"
"All Websites","Alle websites"
"All Store Views","Alle winkel-zichten"
"Select Visible","Alle zichtbare selecteren"
"Only mapped fields","Alleen aangegeven velden"
"Only attributes with scope ""Global"", input type ""Dropdown"" and Use To Create Configurable Product ""Yes"" are available.","Alleen attributen met het bereik ""Globaal"", invoertype ""Dropdown"" en Gebruik om configureerbaar product te maken ""JA"" zijn beschikbaar."
"List only","Alleen lijst"
"Switch/Solo Only","Alleen Switch/Solo"
"Grid only","Alleen tabel"
"Select All","Alles selecteren"
"Cancel","Annuleren"
"Credit Memo cancel error.","Annuleringsfout creditnota"
"API Stability","API stabiliteit"
"API Version","API versie"
"Api Key","API-sleutel"
"Api Key Confirmation","API-sleutelbevestiging"
"API:","API:"
"Items","Artikelen"
"SKU","Artikelnummer"
"SKU:","Artikelnummer:"
"Attributes","Attributen"
"Attribute set successfully saved.","Attributen-set is met succes opgeslagen"
"Attribute set was successfully removed.","Attributen-set is met succes verwijderd"
"Choose an attribute","Attribuut kiezen"
"b","b"
"Backup","Back-up"
"Backup record was deleted","Back-up item is verwijderd"
"Backup successfully created","Back-up met succes gemaakt"
"Backups","Back-ups"
"Get Image Base64","Base64-afbeelding ophalen"
"Base currency","Basis-valuta"
"Bcc","Bcc"
"Subtotal Amount","Bedrag subtotaal"
"Amounts","Bedragen"
"Starting profile execution, please wait...","Begin uitvoeren van profiel, wacht a.u.b..."
"Start Date","Begindatum"
"Manage Installed Extensions","Beheer ge&iuml;nstalleerde extensies"
"Manage Customers","Beheer klanten"
"Manage osCommerce Orders","Beheer osCommerce orders"
"Manage osCommerce Profiles","Beheer osCommerce profielen"
"Poll Manager","Beheer poll"
"Manage Ratings","Beheer ratings"
"Url Rewrite Management","Beheer URL-rewrites"
"Manage Stores","Beheer winkels"
"Manage Currency Rates","Beheer wisselkoersen"
"Admin","Beheerder"
"Add Maintainer","Beheerder toevoegen"
"Maintainers","Beheerders"
"Both (without and with tax)","Beide (met en zonder BTW)"
"View Actions XML","Bekijk acties XML"
"View","Bekijken"
"MAJOR","BELANGRIJK"
"major","belangrijk"
"Specific Countries","Bepaalde landen"
"Incoming Message","Bericht ontvangen"
"Messages Inbox","Berichten Inbox"
"NOTICE","BERICHTGEVING"
"Browse Available Extensions","Beschikbare extensies doorbladeren"
"Available Products","Beschikbare producten"
"Available Version","Beschikbare versie"
"Description","Beschrijving"
"File","Bestand"
"Upload File","Bestand uploaden"
"Upload Files","Bestanden uploaden"
"File Information","Bestandsgegevens"
"File size should be more than 0 bytes","Bestandsgrootte zou meer dan 0 bytes moeten zijn"
"Archive file name:","Bestandsnaam archief:"
"Package File Name","Bestandsnaam pakket"
"File name:","Bestandsnaam:"
"Order confirmation email sent","Bestelbevestiging is gemaild"
"Order #%s","Bestelling #%s"
"Order #%s (%s)","Bestelling #%s (%s)"
"Order not longer exist","Bestelling bestaat niet langer"
"Order not longer exist.","Bestelling bestaat niet langer."
"Order Totals","Bestelling totalen"
"Orders","Bestellingen"
"Confirmed email:","Bevestigde email:"
"Password Confirmation","Bevestiging wachtwoord"
"Uninstalling $pkg, please wait...","Bezig met de-installeren van $pkg, wacht a.u.b..."
"Uninstalling selected packages, please wait...","Bezig met de-installeren van geselecteerde pakketten, wacht a.u.b..."
"Downloading and installing $pkg, please wait...","Bezig met downloaden en installeren van $pkg, wacht a.u.b."
"Installing $pkg, please wait...","Bezig met installeren van $pkg, wacht a..ub..."
"Installing selected packages, please wait...","Bezig met installeren van geselecteerde pakketten, wacht a.u.b..."
"Loading...","Bezig met laden..."
"Upgrading $pkg, please wait...","Bezig met upgraden van $pkg, wacht a.u.b..."
"Upgrading all available packages, please wait...","Bezig met upgraden van alle beschikbare pakketten, wacht a.u.b..."
"Upgrading selected packages, please wait...","Bezig met upgraden van alle geselecteerde pakketten, wacht a.u.b..."
"Upgrading all packages, please wait...","Bezig met upgraden van alle pakketten, wacht a.u.b..."
"Preparing to change $pkg, please wait...","Bezig met voorbereiden met veranderen van $pkg, wacht a.u.b..."
"Running:","Bezig met:"
"For latest version visit: %s","Bezoek %s voor de laatste versie"
"Browse Files...","Blader door bestanden..."
"Browse Available Remote Extensions","Blader door extensies op afstand"
"Block Information","Blok informatie"
"Resources","Bronnen"
"Tax","BTW"
"Bundle Items","Bundel-artikelen"
"Images Cache","Cache van afbeeldingen"
"Image cache was cleared successfully","Cache van afbeeldingen is met succes geleegd."
"Cache Management","Cache-beheer"
"Cache Control","Cache-beheer"
"Cache Control (beta)","Cache-instellingen (beta)"
"Save cache settings","Cache-instellingen opslaan"
"Catalog","Catalogus"
"Catalog Rewrites","Catalogus Rewrites"
"Catalog Rewrites were refreshed successfully","Catalogus Rewrites is met succes ververst."
"Catalog Rewrites was refreshed successfully","Catalogus Rewrites is met succes ververst."
"CatalogInventory Stock Status was rebuilt successfully","Catalogus voorraad status is succesvol herbouwd."
"CatalogInventory Stock Status rebuild error. Please try again later","Catalogus voorraad status opbouw fout. Probeer het later nog eens."
"Category","Categorie"
"Select Category","Categorie selecteren"
"Category:","Categorie:"
"Skip category selection","Categorieselectie overslaan"
"Rotate CCW","CCW draaien"
"Checkbox","Checkbox"
"Configuration","Configuratie"
"Configuration successfully saved","Configuratie met succes opgeslagen"
"Save Config","Configuratie opslaan"
"Conflicts","Conflicten"
"Add Contents Path","Content-pad toevoegen"
"Cookie (Unsafe)","Cookie (Onveilig)"
"Credit Card Number","Creditcard Nummer"
"Credit Card Number: xxxx-%s","Creditcard-nummer: xxxx-%s"
"Credit Card Type","Creditcard-type"
"Credit Card Type: %s","Creditcard-type: %s"
"Credit Memo #%s created","Creditnota #%s gemaakt"
"Credit Memo History","Creditnota geschiedenis"
"Credit Memo was successfully created","Creditnota is met succes aangemaakt."
"Credit Memo was successfully canceled.","Creditnota is met succes geannuleerd."
"Credit Memo was successfully voided","Creditnota is met succes verwijderd."
"CSV","CSV"
"CSV / Tab separated","CSV / Tab-gescheiden"
"Export CSV","CSV exporteren"
"Rotate CW","CW draaien"
"Day","Dag"
"Dashboard","Dashboard"
"Date","Datum"
"Date & Time","Datum & Tijd"
"Date Updated","Datum bijgewerkt"
"Select date","Datum selecteren"
"Select Date","Datum selecteren"
"Date Added","Datum toegevoegd"
"Date:","Datum:"
"Date selection:","Datumkeuze:"
"Date selector","Datumkiezer"
"Create DB Backup","DB-backup aanmaken"
"The information in this tab has been changed.","De informatie in deze tab is gewijzigd."
"Your server PHP settings allow you to upload files not more than %s at a time. Please modify post_max_size (currently is %s) and upload_max_filesize (currently is %s) values in php.ini if you want to upload larger files.","De PHP-instellingen van uw server staan niet toe om files  te uploaden die groter zijn dan %s. Wijzig de waarden van post_max_size (nu %s) en upload_max_filesize (nu %s) in php.ini als u grotere files wilt uploaden."
"Poll was successfully saved","De poll is met succes opgeslagen"
"Poll was successfully deleted","De poll was met succes verwijderd"
"Uninstall","De-installeren"
"Unselect All","De-selecteer alle"
"Unselect Visible","De-selecteer zichtbare"
"Decimal separator:","Decimaal scheidingsteken:"
"Samples","Demo's"
"This attribute set don't have attributes which we can use for configurable product","Deze attributenenset heeft geen attributen die we kunnen gebruiken voor een configureerbaar product."
"This user no longer exists","Deze gebruiker bestaat niet meer."
"This section is not allowed.","Deze sectie is niet toeganglijk."
"This tab contains invalid data. Please solve the problem before saving.","Deze tab bevat ongeldige data. Los dit probleem op voordat u opslaat."
"DHTML Date/Time Selector","DHTML datum/tijd-kiezer"
"Instant Payment Notification (IPN)","Direct Betaal Bericht (DBB) of (IPN)"
"This account is","Dit account is"
"This attribute shares the same value in all the stores","Dit attribuut heeft dezelfde waarde in alle winkels"
"This is a required field.","Dit is een verplicht veld."
"This product is currently disabled","Dit product is momenteel geblokkeerd"
"Target Path","Doelpad"
"Redirect","Doorsturen"
"Global Record Search","Doorzoek de hele site"
"Download and Install","Downloaden en installeren"
"Drop-down","Drop-down"
"Email","E-mail"
"Email address is empty.","E-mail adres is leeg."
"Order confirmation email not sent","E-mail met orderbevestiging is niet verzonden"
"Email to a Friend","E-mail naar een vriend"
"Edit Email Template","E-mail template bewerken"
"User Email","E-mail van gebruiker"
"Email Preview","E-mail voorbeeld"
"Email:","E-mail:"
"Email Address:","E-mailadres:"
"Toggle Editor","Editor gebruiken"
"Bundle with dynamic pricing cannot include custom defined options. Options will not be saved.","Een bundel met dynamische prijzen kan geen eigen opties bevatten. Opties worden niet opgeslagen."
"One of options row has error","Een van de optie rijen heeft een fout"
"Comments History","Eerdere notities"
"Grand Total","Eindtotaal"
"Any Type","Elk type"
"Any","Elke"
"Any Group","Elke groep"
"Any Status","Elke status"
"Any Store","Elke winkel"
"Any Visibility","Elke zichtbaarheid"
" and ","en"
"Switch/Solo/Maestro(UK Domestic) Only","Enkel Switch/Solo/Maestro(UK binnenland)"
"Entity Type","Entiteittype"
"Entity type:","Entiteittype:"
"Customer with the same email already exists.","Er is al een klant met hetzelfde e-mail adres."
"A new password was sent to your email address. Please check your email and click Back to Login.","Er is een nieuw wachtwoord naar u toe gestuurd. Controleer uw email, klik op Terug en log in."
"Excl. Tax","Excl. BTW"
"Export","Exporteren"
"Export to:","Exporteren naar:"
"Export:","Exporteren:"
"Extension","Extensie"
"Remote Extension Info","Extensie informatie op afstand"
"Extension Name","Extensienaam"
"Create Extension Package","Extensiepakket aanmaken"
"Extensions","Extensies"
"Download Remote File","Extern bestand downloaden"
"Remote FTP","Extern FTP"
"Remote URL:","Externe URL"
"Invoice #%s created","Factuur #%s gemaakt"
"Invoice and shipment was successfully created.","Factuur en verzending met succes aangemaakt"
"Invoice was successfully created.","Factuur is met succes aangemaakt."
"Invoice was successfully canceled.","Factuur is met succes geannuleerd"
"Invoice was successfully captured","Factuur is met succes ge�nd."
"Invoice was successfully voided","Factuur is met succes verwijderd."
"Invoice void error","Factuur verwijderingsfout"
"Invoice History","Factuur-geschiedenis"
"Invoice Totals","Factuur-totalen"
"Billing address","Factuuradres"
"Billing Address","Factuuradres"
"Export Filters","Filters exporteren"
"Flat Catalog Category rebuild error","Flat Catalog Category rebuild error"
"Flat Catalog Category was rebuilt successfully","Flat Catalog Category was rebuilt successfully"
"Flat Catalog Product rebuild error. Please try again later","Flat Catalog Product rebuild error. Please try again later"
"Flat Catalog Product was rebuilt successfully","Flat Catalog Product was rebuilt successfully"
"Invoice cancel error.","Fout bij het annuleren van de factuur"
"Invoice capture error","Fout bij het innen van de factuur"
"Error while saving this configuration: ","Fout bij het opslaan van deze configuratie:"
"Error uploading the file","Fout bij uploaden van bestand"
"Error while finished process. Please refresh cache","Fout tijdens het afronden van het proces. Vernieuw uw cache."
"Error while cleared Image cache. Please try again later","Fout tijdens het legen van de afbeeldingscache. Probeer het later nog eens."
"Error while saving this role. Please try again later.","Fout tijdens het opslaan van deze rol. Probeer het later nog eens"
"Error while saving account. Please try again later","Fout tijdens het opslaan van het account. Probeer het later nog eens."
"Error while saving account. Please check all required fields","Fout tijdens het opslaan. Controleer alle verplichte velden."
"Error while refreshed Catalog Rewrites. Please try again later","Fout tijdens het vernieuwen van de Catalogus Rewrites.  Probeer het later opnieuw."
"Error while refreshed Layered Navigation Indices. Please try again later","Fout tijdens het vernieuwen van de Gelaagde Navigatie.  Probeer het later opnieuw."
"Error while create backup. Please try again later","Fout tijdens maken van back-up. Probeer het later nog eens."
"Error while updating selected review(s). Please try again later.","Fout tijdens updaten van geselecteerde review(s). Probeer het later nog eens."
"Error while deleting this role. Please try again later.","Fout tijdens verwijderen van deze rol. Probeer het later nog eens."
"Error while deleting this set.","Fout tijdens verwijderen van deze set."
"from","from"
"FTP Host[:Port]","FTP Host[:Poort]"
"Guest","Gast"
"Installed As","Ge&iuml;nstalleerd als"
"Installed Extension Info","Ge&iuml;nstalleerde extensiegegevens"
"Installed Version","Ge&iuml;nstalleerde versie"
"Advanced Profiles","Geavanceerde profielen"
"Area","Gebied"
"Please use numbers only in this field. please avoid spaces or other characters such as dots or commas.","Gebruik a.u.b. alleen getallen in dit veld, vermijd spaties of andere tekens zoals punten en komma's"
"Please use only letters (a-z) or numbers (0-9) only in this field. No spaces or other characters are allowed.","Gebruik alleen letters (a-z) of getallen (0-9) in dit veld. Spaties en andere tekens zijn niet toegestaan"
"Please use only letters (a-z) or numbers (0-9) or spaces and # only in this field.","Gebruik alleen letters (a-z), getallen (0-9), spaties of # in dit veld."
"Please use this date format: dd/mm/yyyy. For example 17/03/2006 for the 17th of March, 2006.","Gebruik dd/mm/jjjj als datum-formaat. Bijvoorbeeld 17/03/2006 voor 17 maart 2006."
"Please use in this field only ""a-z,0-9,_"".","Gebruik in dit veld uitsluitend  ""a-z,0-9,_""."
"Please use letters only (a-z) in this field.","Gebruik uitsluitend letters (a-z) in dit veld."
"User","Gebruiker"
"Edit User '%s'","Gebruiker '%s'"
"Edit User","Gebruiker bewerken"
"User was successfully saved","Gebruiker is met succes opgeslagen"
"User was successfully deleted","Gebruiker is met succes verwijderd"
"User with the same User Name or Email aleady exists","Gebruiker met zelfde gebruikersnaam of e-mailadres bestaat al"
"Save User","Gebruiker opslaan"
"Delete User","Gebruiker verwijderen"
"User ID","Gebruiker-ID"
"User Info","Gebruiker-info"
"User Information","Gebruikergegevens"
"Users","Gebruikers"
"User Name","Gebruikersnaam"
"User name","Gebruikersnaam"
"User Name:","Gebruikersnaam:"
"Done by:","Gedaan door:"
"Done By:","Gedaan door:"
"Please enter a number greater than 0 in this field.","Geef a.u.b. een getal groter dan 0 op in dit veld"
"Please specify at least start or end date.","Geef a.u.b. tenminste een start- of einddatum op."
"Please specify admin custom URL","Geef een eigen admin-URL op"
"Please enter a valid social security number. For example 123-45-6789.","Geef een geldig burger-service-nummer op a.u.b. Bijvoorbeeld 123-45-6789."
"Please enter a valid credit card number.","Geef een geldig creditcard-nummer op a.u.b."
"Please enter a valid email address. For example johndoe@domain.com.","Geef een geldig e-mail adres op a.u.b. Bijvoorbeeld: iemand@mail.com ."
"Please enter a valid number in this field.","Geef een geldig getal op in dit veld."
"Please enter a valid phone number. For example (123) 456-7890 or 123-456-7890.","Geef een geldig telefoonnummer op. Bijvoorbeeld (123) 456-7889 of 123-456-7890"
"Please enter a valid date.","Geef een geldige datum op a.u.b."
"Please enter a valid zip code.","Geef een geldige postcode op."
"Please enter a valid URL. For example http://www.example.com or www.example.com","Geef een geldige URL op. Bijvoorbeeld http://www.example.com of www.example.com"
"Please enter a valid URL. http:// is required","Geef een geldige URL op. http:// is noodzakelijk"
"Please enter a valid value from list","Geef een geldige waarde op uit de lijst"
"Please enter a valid value, ex: 10,20,30","Geef een geldige waarde op, bijv.: 10,20,30"
"Return Html Version","Geef HTML-versie terug"
"Please enter 6 or more characters.","Geef meer dan 6 tekens op a.u.b."
"None","Geen"
"No Extensions Found","Geen extensies gevonden"
"No Data Found","Geen gegevens gevonden"
"No profile","Geen profiel"
"No profile loaded...","Geen profiel geladen..."
"No records found for this period.","Geen records gevonden voor deze periode."
"No records found.","Geen records gevonden."
"No Templates Found","Geen templates gevonden"
"No change","Geen wijziging"
"No search modules registered","Geen zoek-modules geregistreerd"
"No search keywords.","Geen zoektermen."
"Current Release Information","Gegevens huidige release"
"Save data and Create Package","Gegevens opslaan en pakket aanmaken"
"Package %s data was successfully loaded","Gegevens van pakket %s zijn met succes geladen"
"Data Format","Gegevensformaat"
"Data transfer:","Gegevensoverdracht:"
"Shipping method selection is not applicable","Gekozen verzendwijze is niet toepasbaar"
"Layered Navigation Indices were refreshed successfully","Gelaagde navigatie met succes geherindexeerd"
"Layered Navigation Indices was refreshed successfully","Gelaagde navigatie met succes geherindexeerd"
"Provided Files","Geleverde bestanden"
"Average Orders","Gemiddeld aantal orders"
"Average Order Amount","Gemiddeld bestelbedrag"
"minor","gering"
"items selected","Geselecteerde artikelen"
"Selected base currency is not available in installed currencies","Geselecteerde basis-valuta is niet beschikbaar in de ge&iuml;nstalleerde valuta's"
"Selected default display currency is not available in installed currencies","Geselecteerde standaard-weergavevaluta is niet beschikbaar in de ge&iuml;nstalleerde valuta's"
"Selected default display currency is not available in allowed currencies","Geselecteerde standaard-weergavevaluta is niet beschikbaar in de toegestane valuta's"
"Selected allow currency ""%s"" is not available in installed currencies","Geselecteerde toegestane valuta &quot;%s&quot; is niet beschikbaar in de ge&iuml;nstalleerde valuta's"
"Request Path","Gevraagd Pad"
"Gb","Gigabyte"
"Global Attribute","Globaal attribuut"
"Google Base","Google Base"
"Google Base Items","Google Base Items"
"Group:","Groep:"
"Resize","Grootte aanpassen"
"Size for %s","Grootte voor %s"
"Big Image","Grote afbeelding"
"Pending Tags","Hangende tags"
"All Cache","Hele cache"
"Help Us Keep Magento Healthy - Report All Bugs","Help Magento gezond te houden. Meld alle bugs."
"Rebuild","Herindexeren"
"Reset","Herstellen"
"The archive can be uncompressed with <a href=""%s"">%s</a> on Windows systems","Het archief kan uitgepakt worden met <a href=""%s"">%s</a> op Windows systemen."
"Home","Home"
"- Hold mouse button on any of the above buttons for faster selection.","Houd muisknop vast op een knop hierboven voor snelle selectie"
"HTTP (unsecure)","HTTP (onveilig)"
"HTTPS (SSL)","HTTPS (SSL)"
"Get help for this page","Hulp voor deze pagina"
"Tools","Hulpmiddelen"
"ID","ID"
"ID Path","ID pad"
"Any Attribute Set","Iedere attributen-set"
"images/logo.gif","images/logo.gif"
"Import/Export Profile","Import/Export-profiel"
"Upload import file","Importbestand uploaden"
"Import","Importeren"
"Import/Export","Importeren/Exporteren"
"Import/Export Advanced","Importeren/Exporteren geavanceerd"
"In","In"
"In File:","In bestand:"
"In Database:","In database:"
"{{base_url}} is not recommended to use in a production environment to declare the Base Unsecure Url / Base Secure Url. It is highly recommended to change this value in your Magento <a href=""%s"">configuration</a>.","In de site die u live zet, kunt u {{base_url}} beter niet als uw veilige of onveilig basis-URL gebruiken. We raden u met klem aan om deze waarde te veranderen in uw Magento <a href=""%s"">configuratie</a>."
"Queued... Cancel","In de wachtrij... Annuleren"
"Total of %d record(s) were successfully updated","In totaal is/zijn er %s record(s) met succes bijgewerkt"
"Total of %d record(s) were successfully deleted","In totaal is/zijn er %s record(s) met succes verwijderd"
"Total %d records found","In totaal zijn er %d records gevonden"
"Inactive","Inactief"
"Incl. Tax","Incl. BTW"
"Layered Navigation Indices","Indexen van gelaagde navigatie"
"Layered Navigation indexing queued","Indexeren van gelaagde navigatie in wachtrij gezet"
"Individual Item","Individueel item"
"Logged in as %s","Ingelogd als %s"
"Enabled","Ingeschakeld"
"Contents","Inhoud"
"Revenue","Inkomsten"
"Login","Inloggen"
"Enable","Inschakelen"
"Include","Insluiten"
"Pending installation...","Installatie in wachtrij..."
"Install","Installeren"
"Interactive","Interactief"
"Interface Locale: %s","Interface-lokalisatie: %s"
"Invalid Form Key. Please refresh the page.","Invalid Form Key. Please refresh the page."
"Invalid Secret Key. Please refresh the page.","Invalid Secret Key. Please refresh the page."
"IP Address","IP-adres"
"Finished items creation.","Items aanmaken beëindigd."
"Yes","Ja"
"Yes (only price with tax)","Ja (alleen prijzen incl. BTW)"
"Prev. year (hold for menu)","Jaar terug (vasthouden=menu)"
"Card Verification Number","Kaart-verificatienummer"
"Unable to save Cron expression","Kan Cron-expressie niet opslaan"
"Can not update item qty","Kan de artikel-hoeveelheid niet veranderen."
"Can not save credit memo","Kan de creditnota niet opslaan."
"Can not save invoice","Kan de factuur niet opslaan."
"Can not load track with retrieving identifier.","Kan de tracking niet laden voor de ontvangende identifier."
"Can not send shipment information.","Kan de verzendgegevens niet versturen."
"Can not save shipment.","Kan de zending niet opslaan."
"Can not do credit memo for order","Kan geen creditnota maken voor de order."
"Can not retrieve tracking number detail.","Kan geen details ophalen van tracking-nummer."
"Can not do invoice for order","Kan geen factuur maken voor de bestelling."
"Unable to find a user to delete","kan geen gebruiker vinden om te verwijderen"
"Unable to initialize import model","Kan geen import-model initialiseren"
"Can not add new comment.","Kan geen nieuwe notitie toevoegen."
"Unable to find a poll to delete","Kan geen poll vinden om te verwijderen"
"Unable to find a tag to delete","Kan geen tag vinden om te verwijderen"
"Can not add tracking number.","Kan geen tracking-nummer toevoegen."
"Can not do shipment for order.","Kan geen verzending aanmaken voor de bestelling."
"Can't find email address.","Kan het email adres niet vinden."
"Can not delete tracking number.","Kan het tracking-nummer niet verwijderen."
"Can't delete design change","Kan ontwerp-verandering niet verwijderen."
"Can not initialize shipment for adding tracking number.","Kan verzending niet starten bij het toevoegen van het tracking-nummer."
"Can not initialize shipment for delete tracking number.","Kan verzending niet starten bij het verwijderen van het tracking-nummer."
"Channel","Kanaal"
"Channel:","Kanaal:"
"Kb","Kb"
"Shipping address selection is not applicable","Keuze van afleveradres is niet toepasbaar"
"Finished profile execution.","Klaar met uitvoeren van profiel."
"Customer","Klant"
"Customer was successfully saved","Klant is met succes opgeslagen"
"Customer was deleted","Klant is verwijderd"
"Customer Since:","Klant sinds:"
"Customers","Klanten"
"Customer Group:","Klantengroep:"
"Customer Name","Klantnaam"
"Failed to load %1$s.xml or %1$s.ser","Kon %1$s.xml or %1$s.ser niet laden"
"Failed to add a product to cart by id ""%s""","Kon geen product toevoegen aan winkelwagen met id “%s”"
"Discount Amount","Kortinggrootte"
"Coupons","Kortingsbonnen"
"Coupon Code","Kortingscode"
"CRITICAL","KRITIEK"
"critical","kritiek"
"Last Logged In:","Laatst ingelogd"
"Last Logged In (%s):","Laatst ingelogd (%s):"
"Last 24 hours","Laatste 24 uur"
"Last 5 Orders","Laatste 5 bestellingen"
"Last 5 Search Terms","Laatste 5 zoektermen"
"Last 7 days","Laatste 7 dagen"
"Latest Message:","Laatste bericht:"
"Last Month","Laatste maand"
"Last Name:","Laatste naam:"
"Updated At","Laatste wijziging"
"Country","Land"
"Country:","Land:"
"Leave empty to use tax identifier","Leeg laten om BTW-identifier te gebruiken"
"Read details","Lees details"
"Clear","Legen"
"Warning: Please don't close window during importing/exporting data","LET OP! Dit venster NIET sluiten tijdens het importeren/exporteren van data, a.u.b."
"Warning! Empty value can cause problems with CSV format.","LET OP! Lege waarde kan problemen veroorzaken met het CSV-formaat."
"Shipment #%s created","Levering #%s aangemaakt"
"Shipment History","Levering Geschiedenis"
"License","Licentie"
"License URI","Licentie URI"
"License:","Licentie:"
"List (default) / Grid","Lijst (standaard) / tabel"
"Links","Links"
"Log into Magento Admin Page","Log in op het Admin Panel"
"Log in to Admin Panel","Log in op het Admin Panel"
"Log Out","Log uit"
"Upload Local File","Lokaal bestand uploaden"
"Upload local file:","Lokaal bestand uploaden:"
"Load local Package","Lokaal pakket laden"
"Local Server","Lokale server"
"Local/Remote Server","Lokale/externe server"
"Locale","Lokalisatie"
"Create a backup","Maak een backup"
"Create New Staging Store View","Maak nieuwe Staging winkelinzicht aan"
"Month","Maand"
"Prev. month (hold for menu)","Maand terug (vasthouden=menu)"
"Magento Commerce - Administrative Panel","Magento Commerce – Site-beheer"
"Magento Connect","Magento Connect"
"Magento Connect Manager","Magento ConnectManager"
"Magento is a trademark of Irubin Consulting Inc. DBA Varien. Copyright &copy; %s Irubin Consulting Inc.","Magento is een handelsmerk van Irubin Consulting Inc. DBA Varien. Copyright &copy; %s Irubin Consulting Inc."
"Magento Logo","Magento Logo"
"Magento Admin","Magento Site-beheer"
"Magento ver. %s","Magento versie %s"
"Magento&trade; is a trademark of Irubin Consulting Inc. DBA Varien.<br/>Copyright &copy; %s Irubin Consulting Inc.","Magento&trade; is een handelsmerk van Irubin Consulting Inc. DBA Varien.<br/>Copyright &copy; %s Irubin Consulting Inc."
"Mapping Configuration","Mapping Configuration"
"Max","Max"
"Maximum","Maximum"
"Mb","Mb"
"md5sum","md5sum"
"Media (.avi, .flv, .swf)","Media (.avi, .flv, .swf)"
"Multiple Select","Meervoudige selectie"
"Most Viewed Products","Meest bekeken producten"
"Bestsellers","Meest verkocht"
"notice","melding"
"My Account","Mijn account"
"Min","Min"
"Minimum","Minimum"
"Module version conflict!","Module version conflict!"
"MS Excel XML","MS Excel XML"
"N/A","N/B"
"Name","Naam"
"Attribute Set Name:","Naam attributen-set:"
"Name on the Card: %s","Naam op de kaart: %s"
"Name on Card","Naam op kaart"
"Name:","Naam:"
"to","naar"
"Go Today","Naar vandaag"
"No","Nee"
"No (price without tax)","Nee (prijs excl. BTW)"
"Ignore","Negeren"
"New admin password","Nieuw admin-wachtwoord"
"New Item Type","Nieuw artikeltype"
"Create New Attribute","Nieuw attribuut aanmaken"
"Add New osCommerce Profile","Nieuw osCommerce-profiel toevoegen"
"New Profile","Nieuw profiel"
"Add New Profile","Nieuw profiel toevoegen"
"New System Template","Nieuw systeem-template"
"New Template","Nieuw template"
"New Password","Nieuw wachtwoord"
"New Store View","Nieuw winkelzicht"
"New Accounts","Nieuwe accounts:"
"Add New Image","Nieuwe afbeelding toevoegen"
"New Api Key","Nieuwe Api key"
"New Email Template","Nieuwe e-mail template"
"New Extension","Nieuwe extensie"
"New User","Nieuwe gebruiker"
"Add New User","Nieuwe gebruiker toevoegen"
"New Customers","Nieuwe klanten"
"Add new Role","Nieuwe Rol toevoegen"
"Add New Role","Nieuwe Rol toevoegen"
"New Tag","Nieuwe tag"
"Add New Template","Nieuwe template toevoegen"
"Add New Urlrewrite","Nieuwe Url-rewrite toevoegen"
"New Website","Nieuwe website"
"Add new website map","Nieuwe website map toevoegen"
"Add new store view map","Nieuwe winkelzicht map toevoegen"
"Level","Niveau"
"MINOR","NOTIFICATIE"
"Credit Memo #%s comment added","Notitie toegevoegd aan creditnota #%s"
"Invoice #%s comment added","Notitie toegevoegd aan factuur #%s"
"Shipment #%s comment added","Notitie toegevoegd aan levering #%s"
"Note:","Notitie:"
"Notes","Notities"
"Shipment Comments","Notities verzending"
"Notes:","Notities:"
"Refresh Now*","Nu her-indexeren*"
"Merge Now","Nu samenvoegen"
"- or click and drag for faster selection.","of klik en sleep voor snelle selectie"
"- or Shift-click to decrease it","of shift-klik om het te verlagen"
"Description:","Omschrijving:"
"Convert to Plain Text","Omzetten naar platte tekst"
"Unknown","Onbekend"
"Unknown error","Onbekende fout"
"Subject","Onderwerp"
"Invalid file: %s","Ongeldig bestand: %s"
"Invalid Username or Password.","Ongeldige gebruikersnaam of wachtwoord"
"Invalid Import Service Specified","Ongeldige importservice opgegeven"
"Invalid input:","Ongeldige invoer:"
"Invalid input data for %s => %s rate","Ongeldige invoergegevens voor %s => %s koers"
"Invalid directory: %s","Ongeldige map: %s"
"Invalid parrent block for this block","Ongeldige ouder-blok voor dit blok"
"Invalid POST data (please check post_max_size and upload_max_filesize settings in you php.ini file)","Ongeldige POST-data (controleer instellingen van post_max_size en upload_max_filesize in uw php.ini file)"
"Invalid section value","Ongeldige sectie-waarde"
"Invalid URL","Ongeldige URL"
"Invalid website value","Ongeldige websitewaarde"
"Invalid store value","Ongeldige winkelwaarde"
"Design","Ontwerp"
"Design change saved","Ontwerpverandering opgeslagen"
"Design change deleted","Ontwerpverandering verwijderd"
"Custom","Op maat"
"Save","Opslaan"
"Save & Generate","Opslaan & genereren"
"Save As...","Opslaan als.."
"Save and Continue Editing","Opslaan en verder bewerken"
"Save And Continue Edit","Opslaan en verder bewerken"
"Options","Opties"
"Optional","Optioneel"
"or","or"
"Original Magento attribute names in first row:","Originele Magento attribuut-namen in eerste rij:"
"Old rate:","Oude koers:"
"About the calendar","Over de kalender"
"Global Search","Overal zoeken"
"Matched expression","Overeenkomende uitdrukking"
"Add Package dependency","Package dependency toevoegen"
"Path:","Pad:"
"Path","Pad:"
"Page","Pagina"
"Package","Pakket"
"Save package with custom package file name","Pakket opslaan met eigen naam"
"Install Package File","Pakket-bestand installeren"
"Package Extensions","Pakket-extensies"
"Package Info","Pakket-info"
"Package Information","Pakket-informatie"
"Packages","Pakketten"
"Passive mode","Passieve mode"
"Payment Data Transfer (PDT)","Payment Data Transfer (PDT)"
"PayPal Email","PayPal e-mail"
"PEAR config","PEAR configuratie"
"PEAR Configuration was successfully saved","PEAR configuratie is met succes opgeslagen"
"Save PEAR Config","PEAR configuratie opslaan"
"PEAR Console","PEAR Console"
"Per Item","Per artikel"
"Per Order","Per bestelling"
"per page","per pagina"
"Percent","Percentage"
"Period","Periode"
"Permanent (301)","Permanent (301)"
"Personal Information","Persoonlijke gegevens"
"Add PHP Extension dependency","PHP extension dependency toevoegen"
"PHP Version","PHP Versie"
"Shipping origin","Plaats van verzending"
"Please, select a store view","Please, select a store view"
"Edit Poll","Poll bewerken"
"Position of Watermark for %s","Positie van watermerk voor %s"
"Zip/Postal Code","Postcode"
"Zip/Postal Code:","Postcode:"
"Price","Prijs"
"Price alert subscription was saved successfully","Prijs-melding abonnement was met succes opgeslagen"
"Price:","Prijs:"
"Primary Billing Address","Primair factuuradres"
"Layered Navigation process queued to be killed","Proces gelaagde navigatie in wachtrij om gestopt te worden"
"Processed <strong>%s%% %s/%d</strong> items","Processed <strong>%s%% %s/%d</strong> items"
"Product:","Product"
"Product","Product"
"Product Thumbnail Itself","Product thumbnail zelf"
"Products","Producten"
"Profile Action","Profiel actie"
"Profile Actions XML","Profiel acties XML"
"Profile History","Profiel geschiedenis"
"Profile Information","Profiel informatie"
"Profile was successfully saved","Profiel is met succes opgeslagen"
"Profile was deleted","Profiel is verwijderd"
"Profile Name","Profiel naam"
"Save Profile","Profiel opslaan"
"Profile Direction","Profiel richting"
"Run Profile","Profiel uitvoeren"
"Run Profile Inside This Window","Profiel uitvoeren in dit venster"
"Run Profile In Popup","Profiel uitvoeren in pop-up venster"
"Delete Profile","Profiel verwijderen"
"Profile Wizard","Profiel wizard"
"Profiles","Profielen"
"Promo","Promotie"
"Promotions","Promoties"
"Region/State","Provincie"
"State/Province:","Provincie:"
"Release Info","Publicatie info"
"Release Stability","Publicatie stabiliteit"
"Release Version","Publicatie versie"
"Release","Publiceren"
"Radio Buttons","Radio buttons"
"Show Report for","Rapport tonen voor"
"Reports","Rapporten"
"Rebuild Flat Catalog Category","Rebuild Flat Catalog Category"
"Rebuild Flat Catalog Product","Rebuild Flat Catalog Product"
"Recent Orders","Recente orders"
"Permissions","Rechten"
"Recursive Dir","Recursieve dir"
"Reset Filter","Reset filter"
"Results","Resultaten"
"Show reviews","Reviews tonen"
"Direction:","Richting:"
"Role","Rol"
"Edit Role","Rol bewerken"
"Role Resources","Rol bronnen"
"Role Users","Rol gebruikers"
"Role ID","Rol ID"
"Role Info","Rol info"
"Role Information","Rol informatie"
"Role successfully saved.","Rol met succes opgeslagen."
"Role successfully deleted.","Rol met succes verwijderd."
"Role Name","Rol naam"
"Save Role","Rol opslaan"
"User Role","Rol van gebruiker"
"Delete Role","Rol verwijderen"
"User Roles Information","Rolgegevens gebruiker"
"Roles","Rollen"
"Roles Resources","Rollen bronnen"
"User Roles","Rollen van gebruiker"
"Running... Kill","Running... Stop"
"Items to merge","Samen te voegen items"
"Summary","Samenvatting"
"Summary:","Samenvatting:"
"Schedule Merge","Schedule Merge"
"Current Configuration Scope:","Scope huidige configuratie"
"website(%s) scope","Scope website(%s)"
"store(%s) scope","Scope winkel (%s)"
"Search Index rebuild error. Please try again later","Search Index rebuild error. Please try again later"
"Search Index was rebuilt successfully","Search Index was rebuilt successfully"
"Store Email Addresses Section","Sectie E-mailadressen van winkel"
"Advanced Section","Sectie Geavanceerd"
"Advanced Admin Section","Sectie Geavanceerde Admin"
"Design Section","Sectie Ontwerp"
"Developer Section","Sectie Ontwikkelaar"
"System Section","Sectie Systeem"
"Currency Setup Section","Sectie Valuta-instellingen"
"Web Section","Sectie Web"
"General Section","Seectie Algemeen"
"Select website from map","Select website from map"
"Select website to map","Select website to map"
"Please select one of the above options.","Selecteer &eacute;&eacute;;n van de hierboven genoemde opties a.u.b.."
"Please select tag(s)","Selecteer &eacute;&eacute;n of meerdere etiketten a.u.b."
"Please select one of the options.","Selecteer &eacute;&eacute;n van de opties a.u.b.."
"Please select customer(s)","Selecteer &eacute;&eacuten of meerdere klanten a.u.b."
"Select Range","Selecteer bereik op"
"Please select catalog searches","Selecteer een catalogus zoekacties"
"Please select a custmer","Selecteer een klant a.u.b."
"Please select an option.","Selecteer een optie a.u.b."
"Please select State/Province.","Selecteer een provincie a.u.b"
"Please select a store","Selecteer een winkel a.u.b."
"Please, select visible in stores to this poll first","Selecteer eerst zichtbare winkels in deze poll a.u.b."
"Please select review(s)","Selecteer review(s) a.u.b."
"Select","Selecteren"
"Import Service","Service importeren"
"Sitemap Information","Sitemap-informatie"
"Template","Sjabloon"
"Drag to move","Slepen om te verplaatsen"
"Exclude","Sluit uit"
"Exclude (comma separated)","Sluit uit (door komma's gescheiden)"
"Close","Sluiten"
"close","Sluiten"
"Some items in this order have different invoice and shipment types. You can create shipment only after the invoice is created.","Sommige bestelde producten hebben afwijkende factuur- en verzendgegevens. U kunt pas een zending aanmaken nadat u hebt gefactureerd."
"Some of the ordered items don't exist in the catalog anymore and will be removed if you try to edit the order.","Sommige bestelde producten staan niet meer in de catalogus en zullen worden verwijderd als u probeert uw bestelling aan te passen."
"Sorry, this feature is coming soon...","Sorry, deze functie komt spoedig..."
"Sort Order","Sorteervolgorde"
"Spreadsheet Name:","Spreadsheetnaam:"
"SSL Error: Invalid or self-signed certificate","SSL fout: Ongeldige of self-signed certificaat"
"Stability","Stabiliteit"
"Staging Store: ","Staging Store: "
"Staging Website: ","Staging Website: "
"Default (Admin) Values","Standaard (Admin) waarden"
"Default Config","Standaard configuratie"
"Use default","Standaard gebruiken"
"Default scope","Standaard-scope"
"Default Template from Locale","Standaard-template a.d.v. Lokalisatie"
"Load default template","Standaard-template laden"
"Default display currency ""%s"" is not available in allowed currencies","Standaard-valuta &quot;%s&quot; is niet beschikbaar in toegestane valuta's"
"Display default currency","Standaardvaluta weergeven"
"Default Values","Standaardwaarden"
"Use Default Value","Standaardwaarden gebruiken"
"View Statistics for","Statistieken bekijken voor"
"Status","Status"
"Status:","Status:"
"Store: ","Store: "
"Add Subpackage dependency","Subpackage dependency toevoegen"
"Subpackage","Subpakket"
"Subpackage can't be conflicting","Subpakket mag niet conflicteren"
"Subpackages","Subpakketten"
"Subtotal","Subtotaal"
"Switch/Solo card issue number: %s","Switch/Solo card nummer: %s"
"Switch/Solo card start Date: %s/%s","Switch/Solo kaart begindatum: %s/%s"
"Switch/Solo/Maestro(UK Domestic) card start Date: %s/%s","Switch/Solo/Maestro(UK binnenland) kaart begindatum: %s/%s"
"Switch/Solo/Maestro(UK Domestic) card issue number: %s","Switch/Solo/Maestro(UK binnenland) kaart nummer: %s"
"System","Systeem"
"Edit System Template","Systeem-template bewerken"
"Grid (default) / List","Tabel (standaard) / lijst"
"Edit Tag","Tag bewerken"
"Tag was successfully deleted","Tag is met succes verwijderd"
"Tag was successfully saved","Tag is met succes verwijderd"
"Tags","Tags"
"Tb","Tb"
"Text","Tekst"
"Comment text field can not be empty.","Tekstveld Notitie mag niet leeg zijn."
"Phone:","Telefoon:"
"Edit Template","Template bewerken"
"Template Information","Template informatie"
"Template Content","Template inhoud"
"Load Template","Template laden"
"Template Name","Template naam"
"Template Subject","Template onderwerp"
"Save Template","Template opslaan"
"Template Type","Template soort"
"Delete Template","Template verwijderen"
"Preview Template","Template vooraf bekijken"
"Back","Terug"
"Back to Login","Terug naar log-in venster"
"Back to local packages","Terug naar lokale pakketten"
" The customer doesn't exist in the system anymore","The klant zit niet meer in het systeem."
"This account is inactive.","This account is inactive."
"Thumbnail","Thumbnail"
"Parent Product Thumbnail","Thumbnail 'parent  product'"
"Time:","Tijd"
"Temporary (302)","Tijdelijk (302)"
"Time selection:","Tijdkeuze:"
"Time","Time"
"Access Denied.","Toegang geweigerd."
"Resource Access","Toegang tot bron"
"Access Deny","Toegang weigeren."
"Assigned","Toegewezen"
"Add","Toevoegen"
"Add after","Toevoegen na"
"Show by","Tonen op"
"Top 5 Search Terms","Top 5 zoektermen"
"Total","Totaal"
"Credit Memo total must be positive.","Totaal creditnota moet positief zijn."
"Credit Memo Totals","Totaal creditnota's"
"Total Invoiced","Totaal gefactureerd"
"Total Order Amount","Totaal orderbedrag"
"Total Refunded","Totaal teruggestort"
"Final Price","Totaalprijs"
"Total Amount","Totale hoeveelheid"
"Tracking number can not be empty.","Track en Trace nummer mag niet leeg zijn."
"Transactional Emails","Transactionele e-mails"
"Type","Type"
"Type:","Type:"
"You successfully logged out.","U bent met succes uitgelogd."
"You have","U hebt"
"Payment method must be specified","U hebt geen betaalwijze opgegeven"
"You have not enought permissions to login.","U hebt geen toestemming om in te loggen."
"You have not enought permissions to use this functionality.","U hebt onvoldoende rechten om deze functionaliteit te gebruiken."
"You can not delete self assigned roles.","U kan geen zelf-toegewezen rollen verwijderen"
"You cannot delete account of yourself","U kan niet uw eigen account verwijderen"
"You need to specify order items","U moet de bestelde artikelen specificeren"
"You need specify carrier.","U moet een transporteur specificeren."
"Issue Number","Uitgave-nummer"
"Distributed under GNU LGPL. See %s for details.","Uitgebracht onder GNU LGP licentie. Voor details zie %s."
"Disabled","Uitgeschakeld"
"Performed At","Uitgevoerd op"
"Disable","Uitschakelen"
"Run","Uitvoeren"
"Run in popup","Uitvoeren in pop-up venster"
"Add Exception","Uitzondering toevoegen"
"Update","Update"
"Upgrade","Upgraden"
"Upload HTTP Error","Upload HTTP fout"
"Upload I/O Error","Upload I/O fout"
"Upload Security Error","Upload veiligheidsfout"
"Upload and Install","Uploaden en installeren"
"Create Urlrewrite:","URLrewrite aanmaken"
"Edit Urlrewrite","URLrewrite bewerken"
"Add Urlrewrite","URLrewrite toevoegen"
"Add Urlrewrite for a Category","URLrewrite voor categorie toevoegen"
"Add Urlrewrite for a Product","URLrewrite voor product toevoegen"
"Urlrewrite Information","URLrwrite-gegevens"
"Use Config Settings","Use Config Settings"
"Your answers contain duplicates.","Uw antwoord bevat duplicaten."
"Issuer: %s","Uw bank: %s"
"Forgot your password?","Uw wachtwoord vergeten?"
"Currency","Valuta"
"Currency Information","Valuta-gegevens"
"From","Van"
"of %s pages","van %s pagina's"
"YTD","Vanaf begin dit jaar"
"Fixed","Vast"
"Field","Veld"
"Add Field with URL:","Veld met URL toevoegen"
"Field Mapping","Veldindeling"
"Add Field Mapping","Veldverwijzingen toevoegen"
"Connect with the Magento Community","Verbinden met de Magento gemeenschap"
"Wrong column format","Verkeerd kolommenformaat"
"Wrong tab configuration","Verkeerde tab-configuratie"
"Sales Report","Verkooprapport"
"Lifetime Sales","Verkooptotaal vanaf eerste bestelling"
"Wishlist Report","Verlanglijst-rapport"
"Refresh","Vernieuwen"
"Required","Verplicht"
"Version","Versie"
"Version:","Versie:"
"Submit","Verstuur"
"Expiration Date","Vervaldatum"
"Expiration Date: %s/%s","Vervaldatum: %s/%s"
"Delete","Verwijder"
"Remove","Verwijderen"
"Credit Memo void error","Verwijderingsfout creditnota"
"Shipping","Verzending"
"Shipment was successfully created.","Verzending is met succes aangemaakt."
"Shipment was successfully sent.","Verzending is met succes verstuurd."
"Shipping Price","Verzendkosten"
"Shipping method must be specified","Verzendwijze moet worden aangegeven"
"Please, add a few answers to this poll first","Voeg eerst een paar  antwoorden voor deze poll toe a.u.b."
"Enclose Values In:","Voeg waarden bij in:"
"Please enter a valid $ amount. For example $100.00.","Voer een geldig &euro; bedrag op. Bijvoorbeeld: &euro; 100.00."
"Please enter valid password.","Voer een geldig wachtwoord in a.u.b."
"Please enter a valid zip code. For example 90602 or 90602-1234.","Voer een geldige postcode in a.u.b. Bijvoorbeeld: 2900 of 6621BK"
"Track order","Volg bestelling"
"Track this shipment","Volg deze verzending"
"Next year (hold for menu)","Volgende jaar (vasthouden voor menu)"
"Next month (hold for menu)","Volgende maand (vasthouden voor menu0"
"Next page","Volgende pagina"
"Tracking number %s for %s assigned","Volgnummer %s voor %s is toegewezen"
"Aggregate Order","Volgorde samenvoegen"
"Complete","Voltooid"
"For category","Voor categorie"
"For product","Voor product"
"Preview","Voorbeeld"
"example: ""sitemap/"" or ""/"" for base path (path must be writeable)","voorbeeld: ""sitemap/"" of ""/"" voor basispad. (Pad moet schrijfbaar zijn.)"
"example: sitemap.xml","voorbeeld: sitemap.xml"
"Preferred state","Voorkeursstand"
"Firstname","Voornaam"
"First Name","Voornaam"
"First Name:","Voornaam:"
"Inventory Stock Status","Voorraad-status"
"Stock notification was saved successfully","Voorraadbericht is met succes opgeslagen"
"Stock Quantity:","Voorraadhoeveelheid:"
"Previous page","Vorige pagina"
"Please fill in 'email' field.","Vul het ‘e-mail’ veld in a.u.b.."
"Value","Waarde"
"Value Delimiter:","Waarde-scheidingsteken:"
"Rates","Waardering"
"Rating was successfully saved","Waardering is met succes opgeslagen"
"Rating was successfully deleted","Waardering is met succes verwijderd"
"Please wait, loading...","Wacht a.u.b. Bezig met laden..."
"Please wait...","Wacht a.u.b..."
"Queue Refresh","Wachtrij vernieuwen"
"Layered Navigation indexing queue cancelled","Wachtrij voor indexeren van gelaagde navigatie geannuleerd"
"Password","Wachtwoord"
"Forgot your user name or password?","Wachtwoord of gebruikersnaam vergeten?"
"Retrieve Password","Wachtwoord opvragen"
"Password:","Wachtwoord:"
"Warning!rnThis action will remove this user from already assigned rolernAre you sure?","Warning!rnThis action will remove this user from already assigned rolernAre you sure?"
"Warning!rnThis action will remove those users from already assigned rolesrnAre you sure?","Warning!rnThis action will remove those users from already assigned rolesrnAre you sure?"
"What is this?","Wat is dit?"
"Watermark File for %s","Watermerk-bestand voor %s"
"We're in our typing table, coding away more features for Magento. Thank you for your patience.","We zijn terug naar de tekentafel voor meer functies in Magento. Dank voor uw geduld."
"Web Services","Web Services"
"Web services","Web services"
"Website","Website"
"Use website","Website gebruiken"
"Delete Website","Website verwijderen"
"Edit Website","Website wijzigen"
"Website: ","Website: "
"Websites","Websites"
"Websites / Stores","Websites / Stores"
"Are you sure you wish to UNINSTALL all selected packages?","Weet u zeker dat u alle geselecteerde pakketten wilt de-installeren?"
"Are you sure you wish to INSTALL all selected packages?","Weet u zeker dat u alle geselecteerde pakketten wilt installeren?"
"Are you sure you wish to UPGRADE all selected packages?","Weet u zeker dat u alle geselecteerde pakketten wilt upgraden?"
"Are you sure that you want to delete this template?","Weet u zeker dat u deze template wilt verwijderen?"
"Are you sure you want to do this?","Weet u zeker dat u dit wilt?"
"Are you sure that you want to strip tags?","Weet u zeker dat u tags wilt verwijderen?"
"Please confirm site switching. All data that hasn't been saved will be lost.","Weet u zeker dat u wilt wisselen van site? Alle data die nog niet bewaard is zal verloren gaan!"
"(Shift-)Click or drag to change value","Wijzig de waarde met (shift-)klik of slepen"
"Edit","Wijzigen"
"Changelog","Wijzigingen-log"
"Do you really want to KILL parallel process and start new indexing process?","Wilt u een parallel proces echt stopzetten en opnieuw gaan indexeren?"
"Store","Winkel"
"Store:","Winkel:"
"Shopping Cart from %s","Winkelwagen van %s"
"Store View","Winkelzicht"
"Edit Store View","Winkelzicht bewerken"
"Choose Store View","Winkelzicht kiezen"
"Delete Store View","Winkelzicht verwijderen"
"Save Currency Rates","Wisselkoersen opslaan"
"XML","XML"
"Year","Year"
"Visibility:","Zichtbaarheid"
"Search","Zoeken"
"Search Index","Zoekindex"
"Search Term","Zoekterm"
"Search Terms","Zoektermen"
"Please make sure that all global admin search modules are installed and activated.","Zorg er voor a.u.b dat alle globale admin-zoekmodules zijn geïnstalleerd en geactiveerd a.u.b."
"Please make sure that your changes were saved before running the profile.","Zorg er voor dat alle wijzigingen zijn opgeslagen voordat u het profiel uitvoert"
"Please make sure your passwords match.","Zorg er voor dat de wachtwoorden overeenkomen"
"[ deleted ]","[ verwijderd ]"
"[deleted]","[verwijderd]"
